[ {
  "appointmentId" : 4483,
  "patientId" : 28,
  "clinicId" : 98,
  "doctorId" : 799,
  "dateTime" : "2025-11-12T15:00:00",
  "apptStatus" : "completed",
  "createdAt" : "2025-11-11T17:57:07.246403",
  "treatmentSummary" : "prescribed 1 week of anti histamines"
}, {
  "appointmentId" : 4587,
  "patientId" : 45,
  "clinicId" : 1636,
  "doctorId" : 1308,
  "dateTime" : "2025-11-26T16:45:00",
  "apptStatus" : "scheduled",
  "createdAt" : "2025-11-14T08:26:13.835444",
  "treatmentSummary" : null
}, {
  "appointmentId" : 2268,
  "patientId" : 28,
  "clinicId" : 98,
  "doctorId" : 800,
  "dateTime" : "2025-11-11T20:15:00",
  "apptStatus" : "cancelled",
  "createdAt" : "2025-11-11T18:11:36.22487",
  "treatmentSummary" : null
}, {
  "appointmentId" : 1123,
  "patientId" : 45,
  "clinicId" : 833,
  "doctorId" : 1109,
  "dateTime" : "2025-11-28T22:00:00",
  "apptStatus" : "scheduled",
  "createdAt" : "2025-11-14T09:32:39.141929",
  "treatmentSummary" : null
}, {
  "appointmentId" : 5271,
  "patientId" : 65,
  "clinicId" : 5,
  "doctorId" : 758,
  "dateTime" : "2025-11-15T03:15:00",
  "apptStatus" : "scheduled",
  "createdAt" : "2025-11-14T12:22:30.716648",
  "treatmentSummary" : null
}, {
  "appointmentId" : 7915,
  "patientId" : 28,
  "clinicId" : 98,
  "doctorId" : 800,
  "dateTime" : "2025-11-11T21:15:00",
  "apptStatus" : "completed",
  "createdAt" : "2025-11-11T18:12:19.250632",
  "treatmentSummary" : "40 reps of jumping jacks every morning"
}, {
  "appointmentId" : 1763,
  "patientId" : 53,
  "clinicId" : 98,
  "doctorId" : 800,
  "dateTime" : "2025-11-11T20:30:00",
  "apptStatus" : "completed",
  "createdAt" : "2025-11-11T18:36:55.122354",
  "treatmentSummary" : "5km run every day. twice."
}, {
  "appointmentId" : 3217,
  "patientId" : 28,
  "clinicId" : 98,
  "doctorId" : 800,
  "dateTime" : "2025-11-11T20:30:00",
  "apptStatus" : "cancelled",
  "createdAt" : "2025-11-11T18:26:57.20836",
  "treatmentSummary" : null
}, {
  "appointmentId" : 5993,
  "patientId" : 28,
  "clinicId" : 98,
  "doctorId" : 799,
  "dateTime" : "2025-11-12T16:30:00",
  "apptStatus" : "completed",
  "createdAt" : "2025-11-11T23:42:18.649215",
  "treatmentSummary" : "40mg of caffeine every 3 hours"
}, {
  "appointmentId" : 2780,
  "patientId" : 55,
  "clinicId" : 98,
  "doctorId" : 799,
  "dateTime" : "2025-11-12T18:30:00",
  "apptStatus" : "completed",
  "createdAt" : "2025-11-12T18:00:36.923749",
  "treatmentSummary" : "painkillers before and after every race to numb the pain"
}, {
  "appointmentId" : 2504,
  "patientId" : 56,
  "clinicId" : 452,
  "doctorId" : 999,
  "dateTime" : "2025-11-13T17:30:00",
  "apptStatus" : "scheduled",
  "createdAt" : "2025-11-12T21:56:28.833706",
  "treatmentSummary" : null
}, {
  "appointmentId" : 1250,
  "patientId" : 40,
  "clinicId" : 452,
  "doctorId" : 999,
  "dateTime" : "2025-11-13T17:45:00",
  "apptStatus" : "scheduled",
  "createdAt" : "2025-11-12T22:00:29.612673",
  "treatmentSummary" : null
}, {
  "appointmentId" : 2989,
  "patientId" : 39,
  "clinicId" : 452,
  "doctorId" : 999,
  "dateTime" : "2025-11-13T17:30:00",
  "apptStatus" : "completed",
  "createdAt" : "2025-11-12T21:56:34.975495",
  "treatmentSummary" : "paracetamol x10"
}, {
  "appointmentId" : 9933,
  "patientId" : 39,
  "clinicId" : 452,
  "doctorId" : 999,
  "dateTime" : "2025-11-13T17:30:00",
  "apptStatus" : "scheduled",
  "createdAt" : "2025-11-12T22:10:03.451951",
  "treatmentSummary" : null
}, {
  "appointmentId" : 2659,
  "patientId" : 28,
  "clinicId" : 1636,
  "doctorId" : 1307,
  "dateTime" : "2025-11-13T14:30:00",
  "apptStatus" : "scheduled",
  "createdAt" : "2025-11-12T22:38:23.478684",
  "treatmentSummary" : null
}, {
  "appointmentId" : 8150,
  "patientId" : 53,
  "clinicId" : 98,
  "doctorId" : 800,
  "dateTime" : "2025-11-13T15:15:00",
  "apptStatus" : "scheduled",
  "createdAt" : "2025-11-12T23:03:20.767498",
  "treatmentSummary" : null
}, {
  "appointmentId" : 8842,
  "patientId" : 53,
  "clinicId" : 98,
  "doctorId" : 799,
  "dateTime" : "2025-11-12T18:30:00",
  "apptStatus" : "completed",
  "createdAt" : "2025-11-12T17:39:03.614006",
  "treatmentSummary" : "no more pilates"
}, {
  "appointmentId" : 9096,
  "patientId" : 28,
  "clinicId" : 98,
  "doctorId" : 799,
  "dateTime" : "2025-11-12T18:30:00",
  "apptStatus" : "completed",
  "createdAt" : "2025-11-12T18:13:56.66487",
  "treatmentSummary" : "more sleep"
}, {
  "appointmentId" : 2498,
  "patientId" : 28,
  "clinicId" : 98,
  "doctorId" : 800,
  "dateTime" : "2025-11-13T15:15:00",
  "apptStatus" : "completed",
  "createdAt" : "2025-11-12T22:46:54.807751",
  "treatmentSummary" : "eat more fruits"
}, {
  "appointmentId" : 5148,
  "patientId" : 28,
  "clinicId" : 98,
  "doctorId" : 799,
  "dateTime" : "2025-11-12T20:00:00",
  "apptStatus" : "no-show",
  "createdAt" : "2025-11-11T18:08:33.386076",
  "treatmentSummary" : null
}, {
  "appointmentId" : 5639,
  "patientId" : 28,
  "clinicId" : 98,
  "doctorId" : 800,
  "dateTime" : "2025-11-13T17:15:00",
  "apptStatus" : "no-show",
  "createdAt" : "2025-11-12T23:44:02.641286",
  "treatmentSummary" : null
}, {
  "appointmentId" : 8598,
  "patientId" : 45,
  "clinicId" : 452,
  "doctorId" : 999,
  "dateTime" : "2025-11-13T17:30:00",
  "apptStatus" : "no-show",
  "createdAt" : "2025-11-12T21:58:58.721986",
  "treatmentSummary" : null
}, {
  "appointmentId" : 9576,
  "patientId" : 52,
  "clinicId" : 5,
  "doctorId" : 757,
  "dateTime" : "2025-11-14T02:30:00",
  "apptStatus" : "completed",
  "createdAt" : "2025-11-13T16:21:16.962352",
  "treatmentSummary" : "No need medication"
}, {
  "appointmentId" : 9027,
  "patientId" : 54,
  "clinicId" : 5,
  "doctorId" : 757,
  "dateTime" : "2025-11-13T18:00:00",
  "apptStatus" : "completed",
  "createdAt" : "2025-11-12T23:17:00.589165",
  "treatmentSummary" : "paracetamol"
}, {
  "appointmentId" : 7875,
  "patientId" : 28,
  "clinicId" : 5,
  "doctorId" : 757,
  "dateTime" : "2025-11-13T18:00:00",
  "apptStatus" : "completed",
  "createdAt" : "2025-11-12T23:17:35.619394",
  "treatmentSummary" : null
}, {
  "appointmentId" : 2435,
  "patientId" : 59,
  "clinicId" : 5,
  "doctorId" : 757,
  "dateTime" : "2025-11-13T18:00:00",
  "apptStatus" : "completed",
  "createdAt" : "2025-11-12T23:18:50.760951",
  "treatmentSummary" : null
}, {
  "appointmentId" : 2770,
  "patientId" : 61,
  "clinicId" : 5,
  "doctorId" : 757,
  "dateTime" : "2025-11-13T18:15:00",
  "apptStatus" : "completed",
  "createdAt" : "2025-11-13T16:48:29.57259",
  "treatmentSummary" : null
}, {
  "appointmentId" : 1998,
  "patientId" : 54,
  "clinicId" : 5,
  "doctorId" : 757,
  "dateTime" : "2025-11-13T18:00:00",
  "apptStatus" : "completed",
  "createdAt" : "2025-11-13T17:31:00.095964",
  "treatmentSummary" : "eat more fruits"
}, {
  "appointmentId" : 4772,
  "patientId" : 28,
  "clinicId" : 5,
  "doctorId" : 757,
  "dateTime" : "2025-11-13T18:00:00",
  "apptStatus" : "completed",
  "createdAt" : "2025-11-13T17:31:21.98861",
  "treatmentSummary" : null
}, {
  "appointmentId" : 4593,
  "patientId" : 59,
  "clinicId" : 5,
  "doctorId" : 757,
  "dateTime" : "2025-11-13T18:00:00",
  "apptStatus" : "completed",
  "createdAt" : "2025-11-13T17:32:04.751241",
  "treatmentSummary" : null
}, {
  "appointmentId" : 4274,
  "patientId" : 53,
  "clinicId" : 5,
  "doctorId" : 757,
  "dateTime" : "2025-11-13T18:15:00",
  "apptStatus" : "completed",
  "createdAt" : "2025-11-13T17:34:25.814118",
  "treatmentSummary" : null
}, {
  "appointmentId" : 9019,
  "patientId" : 65,
  "clinicId" : 5,
  "doctorId" : 757,
  "dateTime" : "2025-11-13T18:15:00",
  "apptStatus" : "completed",
  "createdAt" : "2025-11-13T18:01:23.49235",
  "treatmentSummary" : "paracetamol"
}, {
  "appointmentId" : 8911,
  "patientId" : 65,
  "clinicId" : 5,
  "doctorId" : 758,
  "dateTime" : "2025-11-14T17:00:00",
  "apptStatus" : "scheduled",
  "createdAt" : "2025-11-13T18:13:15.815682",
  "treatmentSummary" : null
}, {
  "appointmentId" : 4882,
  "patientId" : 39,
  "clinicId" : 5,
  "doctorId" : 758,
  "dateTime" : "2025-11-14T17:00:00",
  "apptStatus" : "scheduled",
  "createdAt" : "2025-11-13T18:13:44.334829",
  "treatmentSummary" : null
} ]