[ {
  "id" : 1011,
  "createdAt" : "2025-11-09T18:55:00.393191",
  "fname" : "Siti",
  "lname" : "Zain",
  "assignedClinic" : 476,
  "shiftDays" : [ 5 ]
}, {
  "id" : 1012,
  "createdAt" : "2025-11-09T18:55:00.435713",
  "fname" : "Jamal",
  "lname" : "Malik",
  "assignedClinic" : 481,
  "shiftDays" : [ 4, 5, 7 ]
}, {
  "id" : 1013,
  "createdAt" : "2025-11-09T18:55:00.486889",
  "fname" : "Yuan Zhou",
  "lname" : "Ong",
  "assignedClinic" : 481,
  "shiftDays" : [ 1, 3 ]
}, {
  "id" : 1014,
  "createdAt" : "2025-11-09T18:55:00.530955",
  "fname" : "Ming En",
  "lname" : "Ong",
  "assignedClinic" : 481,
  "shiftDays" : [ 2, 6 ]
}, {
  "id" : 1015,
  "createdAt" : "2025-11-09T18:55:00.577327",
  "fname" : "Grace",
  "lname" : "Johnson",
  "assignedClinic" : 486,
  "shiftDays" : [ 1, 5, 7 ]
}, {
  "id" : 1016,
  "createdAt" : "2025-11-09T18:55:00.623287",
  "fname" : "Kavita",
  "lname" : "Kumar",
  "assignedClinic" : 486,
  "shiftDays" : [ 6 ]
}, {
  "id" : 1017,
  "createdAt" : "2025-11-09T18:55:00.771247",
  "fname" : "Ahmad",
  "lname" : "Abdullah",
  "assignedClinic" : 486,
  "shiftDays" : [ 3 ]
}, {
  "id" : 1018,
  "createdAt" : "2025-11-09T18:55:00.812245",
  "fname" : "Mehta",
  "lname" : "Kumar",
  "assignedClinic" : 487,
  "shiftDays" : [ 4 ]
}, {
  "id" : 1019,
  "createdAt" : "2025-11-09T18:55:00.847101",
  "fname" : "Kai",
  "lname" : "Chen",
  "assignedClinic" : 487,
  "shiftDays" : [ 3, 6 ]
}, {
  "id" : 1020,
  "createdAt" : "2025-11-09T18:55:00.887991",
  "fname" : "Amina",
  "lname" : "Ali",
  "assignedClinic" : 487,
  "shiftDays" : [ 5, 7 ]
}, {
  "id" : 1021,
  "createdAt" : "2025-11-09T18:55:00.93709",
  "fname" : "Deepa",
  "lname" : "Singh",
  "assignedClinic" : 498,
  "shiftDays" : [ 3, 4 ]
}, {
  "id" : 1022,
  "createdAt" : "2025-11-09T18:55:00.989976",
  "fname" : "Meera",
  "lname" : "Kumar",
  "assignedClinic" : 498,
  "shiftDays" : [ 6 ]
}, {
  "id" : 1023,
  "createdAt" : "2025-11-09T18:55:01.030991",
  "fname" : "Karen",
  "lname" : "Jones",
  "assignedClinic" : 498,
  "shiftDays" : [ 1, 2 ]
}, {
  "id" : 1024,
  "createdAt" : "2025-11-09T18:55:01.089921",
  "fname" : "Tao Yuan",
  "lname" : "Chen",
  "assignedClinic" : 502,
  "shiftDays" : [ 3, 5, 7 ]
}, {
  "id" : 1025,
  "createdAt" : "2025-11-09T18:55:01.174126",
  "fname" : "Raj",
  "lname" : "Patel",
  "assignedClinic" : 502,
  "shiftDays" : [ 2, 4, 6 ]
}, {
  "id" : 1026,
  "createdAt" : "2025-11-09T18:55:01.226635",
  "fname" : "Soon Keong",
  "lname" : "Wu",
  "assignedClinic" : 502,
  "shiftDays" : [ 1 ]
}, {
  "id" : 1027,
  "createdAt" : "2025-11-09T18:55:01.393573",
  "fname" : "Hamzah",
  "lname" : "Malik",
  "assignedClinic" : 505,
  "shiftDays" : [ 3 ]
}, {
  "id" : 1028,
  "createdAt" : "2025-11-09T18:55:01.445575",
  "fname" : "Sharma",
  "lname" : "Mehta",
  "assignedClinic" : 505,
  "shiftDays" : [ 1, 6, 7 ]
}, {
  "id" : 1029,
  "createdAt" : "2025-11-09T18:55:01.499961",
  "fname" : "Layla",
  "lname" : "Omar",
  "assignedClinic" : 505,
  "shiftDays" : [ 2, 4 ]
}, {
  "id" : 1030,
  "createdAt" : "2025-11-09T18:55:01.538184",
  "fname" : "Jennifer",
  "lname" : "Johnson",
  "assignedClinic" : 513,
  "shiftDays" : [ 1, 4, 5 ]
}, {
  "id" : 1031,
  "createdAt" : "2025-11-09T18:55:01.599003",
  "fname" : "Jamal",
  "lname" : "Ali",
  "assignedClinic" : 513,
  "shiftDays" : [ 2, 3, 7 ]
}, {
  "id" : 1032,
  "createdAt" : "2025-11-09T18:55:01.68921",
  "fname" : "Yasmin",
  "lname" : "Gupta",
  "assignedClinic" : 513,
  "shiftDays" : [ 6 ]
}, {
  "id" : 1033,
  "createdAt" : "2025-11-09T18:55:01.760242",
  "fname" : "Chin Hock",
  "lname" : "Li",
  "assignedClinic" : 521,
  "shiftDays" : [ 2, 4, 6 ]
}, {
  "id" : 1034,
  "createdAt" : "2025-11-09T18:55:01.825247",
  "fname" : "Jamal",
  "lname" : "Abdullah",
  "assignedClinic" : 521,
  "shiftDays" : [ 5 ]
}, {
  "id" : 1035,
  "createdAt" : "2025-11-09T18:55:01.862167",
  "fname" : "Chloe",
  "lname" : "Brown",
  "assignedClinic" : 521,
  "shiftDays" : [ 1, 3, 7 ]
}, {
  "id" : 1036,
  "createdAt" : "2025-11-09T18:55:01.914065",
  "fname" : "Gupta",
  "lname" : "Mehta",
  "assignedClinic" : 522,
  "shiftDays" : [ 3, 4, 7 ]
}, {
  "id" : 1037,
  "createdAt" : "2025-11-09T18:55:02.071992",
  "fname" : "Linda",
  "lname" : "Johnson",
  "assignedClinic" : 522,
  "shiftDays" : [ 6 ]
}, {
  "id" : 1038,
  "createdAt" : "2025-11-09T18:55:02.128213",
  "fname" : "Raj",
  "lname" : "Sharma",
  "assignedClinic" : 522,
  "shiftDays" : [ 1, 2, 5 ]
}, {
  "id" : 1039,
  "createdAt" : "2025-11-09T18:55:02.168403",
  "fname" : "Hassan",
  "lname" : "Hassan",
  "assignedClinic" : 523,
  "shiftDays" : [ 2, 3 ]
}, {
  "id" : 1040,
  "createdAt" : "2025-11-09T18:55:02.212036",
  "fname" : "Yuan Zhou",
  "lname" : "Wu",
  "assignedClinic" : 523,
  "shiftDays" : [ 7 ]
}, {
  "id" : 1041,
  "createdAt" : "2025-11-09T18:55:02.25139",
  "fname" : "Verma",
  "lname" : "Reddy",
  "assignedClinic" : 523,
  "shiftDays" : [ 5 ]
}, {
  "id" : 1042,
  "createdAt" : "2025-11-09T18:55:02.306433",
  "fname" : "Sharma",
  "lname" : "Kumar",
  "assignedClinic" : 555,
  "shiftDays" : [ 1, 4, 5 ]
}, {
  "id" : 1043,
  "createdAt" : "2025-11-09T18:55:02.350889",
  "fname" : "Omar",
  "lname" : "Ibrahim",
  "assignedClinic" : 555,
  "shiftDays" : [ 2, 7 ]
}, {
  "id" : 1044,
  "createdAt" : "2025-11-09T18:55:02.421913",
  "fname" : "Zain",
  "lname" : "Hassan",
  "assignedClinic" : 555,
  "shiftDays" : [ 6 ]
}, {
  "id" : 1045,
  "createdAt" : "2025-11-09T18:55:02.463445",
  "fname" : "Michelle",
  "lname" : "Smith",
  "assignedClinic" : 556,
  "shiftDays" : [ 1, 5 ]
}, {
  "id" : 1046,
  "createdAt" : "2025-11-09T18:55:02.534958",
  "fname" : "Robert",
  "lname" : "Smith",
  "assignedClinic" : 556,
  "shiftDays" : [ 3, 4, 7 ]
}, {
  "id" : 1047,
  "createdAt" : "2025-11-09T18:55:02.706282",
  "fname" : "John",
  "lname" : "Smith",
  "assignedClinic" : 556,
  "shiftDays" : [ 2 ]
}, {
  "id" : 1048,
  "createdAt" : "2025-11-09T18:55:02.771255",
  "fname" : "Li Ming",
  "lname" : "Ng",
  "assignedClinic" : 574,
  "shiftDays" : [ 2, 4, 5 ]
}, {
  "id" : 1049,
  "createdAt" : "2025-11-09T18:55:02.854408",
  "fname" : "Soon Keong",
  "lname" : "Huang",
  "assignedClinic" : 574,
  "shiftDays" : [ 1, 3, 6 ]
}, {
  "id" : 1050,
  "createdAt" : "2025-11-09T18:55:02.911435",
  "fname" : "Priya",
  "lname" : "Rao",
  "assignedClinic" : 574,
  "shiftDays" : [ 7 ]
}, {
  "id" : 1051,
  "createdAt" : "2025-11-09T18:55:02.979141",
  "fname" : "Shanti",
  "lname" : "Singh",
  "assignedClinic" : 580,
  "shiftDays" : [ 6 ]
}, {
  "id" : 1052,
  "createdAt" : "2025-11-09T18:55:03.07742",
  "fname" : "Timothy",
  "lname" : "Martinez",
  "assignedClinic" : 580,
  "shiftDays" : [ 1, 5 ]
}, {
  "id" : 1053,
  "createdAt" : "2025-11-09T18:55:03.115085",
  "fname" : "Chloe",
  "lname" : "Smith",
  "assignedClinic" : 580,
  "shiftDays" : [ 2, 7 ]
}, {
  "id" : 1054,
  "createdAt" : "2025-11-09T18:55:03.156631",
  "fname" : "Zain",
  "lname" : "Ibrahim",
  "assignedClinic" : 583,
  "shiftDays" : [ 1, 2, 3 ]
}, {
  "id" : 1055,
  "createdAt" : "2025-11-09T18:55:03.200235",
  "fname" : "Ismail",
  "lname" : "Ali",
  "assignedClinic" : 583,
  "shiftDays" : [ 4, 5, 7 ]
}, {
  "id" : 1056,
  "createdAt" : "2025-11-09T18:55:03.257401",
  "fname" : "Nair",
  "lname" : "Gupta",
  "assignedClinic" : 583,
  "shiftDays" : [ 6 ]
}, {
  "id" : 1057,
  "createdAt" : "2025-11-09T18:55:03.495322",
  "fname" : "Meera",
  "lname" : "Sharma",
  "assignedClinic" : 587,
  "shiftDays" : [ 1, 5, 6 ]
}, {
  "id" : 1058,
  "createdAt" : "2025-11-09T18:55:03.558998",
  "fname" : "Richard",
  "lname" : "Brown",
  "assignedClinic" : 587,
  "shiftDays" : [ 4 ]
}, {
  "id" : 1059,
  "createdAt" : "2025-11-09T18:55:03.623009",
  "fname" : "Qing Tao",
  "lname" : "Xu",
  "assignedClinic" : 587,
  "shiftDays" : [ 7 ]
}, {
  "id" : 1060,
  "createdAt" : "2025-11-09T18:55:03.668956",
  "fname" : "Zheng Feng",
  "lname" : "Huang",
  "assignedClinic" : 588,
  "shiftDays" : [ 2, 4, 5 ]
}, {
  "id" : 1061,
  "createdAt" : "2025-11-09T18:55:03.752576",
  "fname" : "Yu Liang",
  "lname" : "Li",
  "assignedClinic" : 588,
  "shiftDays" : [ 6 ]
}, {
  "id" : 1062,
  "createdAt" : "2025-11-09T18:55:03.806635",
  "fname" : "Reddy",
  "lname" : "Patel",
  "assignedClinic" : 588,
  "shiftDays" : [ 7 ]
}, {
  "id" : 1063,
  "createdAt" : "2025-11-09T18:55:03.877399",
  "fname" : "Ryan",
  "lname" : "Jones",
  "assignedClinic" : 607,
  "shiftDays" : [ 3, 6, 7 ]
}, {
  "id" : 1064,
  "createdAt" : "2025-11-09T18:55:03.925822",
  "fname" : "Shanti",
  "lname" : "Sharma",
  "assignedClinic" : 607,
  "shiftDays" : [ 1, 5 ]
}, {
  "id" : 1065,
  "createdAt" : "2025-11-09T18:55:03.971236",
  "fname" : "Ryan",
  "lname" : "Jones",
  "assignedClinic" : 607,
  "shiftDays" : [ 2, 4 ]
}, {
  "id" : 1066,
  "createdAt" : "2025-11-09T18:55:04.073591",
  "fname" : "Kumar",
  "lname" : "Verma",
  "assignedClinic" : 613,
  "shiftDays" : [ 3, 6 ]
}, {
  "id" : 1067,
  "createdAt" : "2025-11-09T18:55:04.23734",
  "fname" : "Hassan",
  "lname" : "Faisal",
  "assignedClinic" : 613,
  "shiftDays" : [ 1, 4, 7 ]
}, {
  "id" : 1068,
  "createdAt" : "2025-11-09T18:55:04.359007",
  "fname" : "Nazir",
  "lname" : "Omar",
  "assignedClinic" : 613,
  "shiftDays" : [ 5 ]
}, {
  "id" : 1069,
  "createdAt" : "2025-11-09T18:55:04.402158",
  "fname" : "James",
  "lname" : "Rodriguez",
  "assignedClinic" : 617,
  "shiftDays" : [ 4 ]
}, {
  "id" : 1070,
  "createdAt" : "2025-11-09T18:55:04.443346",
  "fname" : "Uma",
  "lname" : "Sharma",
  "assignedClinic" : 617,
  "shiftDays" : [ 5, 6, 7 ]
}, {
  "id" : 1071,
  "createdAt" : "2025-11-09T18:55:04.490393",
  "fname" : "Rizwan",
  "lname" : "Omar",
  "assignedClinic" : 617,
  "shiftDays" : [ 1, 2, 3 ]
}, {
  "id" : 1072,
  "createdAt" : "2025-11-09T18:55:04.544561",
  "fname" : "Layla",
  "lname" : "Ali",
  "assignedClinic" : 650,
  "shiftDays" : [ 1, 2 ]
}, {
  "id" : 1073,
  "createdAt" : "2025-11-09T18:55:04.588473",
  "fname" : "Isabella",
  "lname" : "Smith",
  "assignedClinic" : 650,
  "shiftDays" : [ 3, 6 ]
}, {
  "id" : 1074,
  "createdAt" : "2025-11-09T18:55:04.648647",
  "fname" : "Priya",
  "lname" : "Sharma",
  "assignedClinic" : 650,
  "shiftDays" : [ 5 ]
}, {
  "id" : 1075,
  "createdAt" : "2025-11-09T18:55:04.702165",
  "fname" : "Grace",
  "lname" : "Garcia",
  "assignedClinic" : 655,
  "shiftDays" : [ 4 ]
}, {
  "id" : 1076,
  "createdAt" : "2025-11-09T18:55:04.749717",
  "fname" : "Neha",
  "lname" : "Mehta",
  "assignedClinic" : 655,
  "shiftDays" : [ 2, 5, 7 ]
}, {
  "id" : 1077,
  "createdAt" : "2025-11-09T18:55:04.901639",
  "fname" : "Hannah",
  "lname" : "Jones",
  "assignedClinic" : 655,
  "shiftDays" : [ 1 ]
}, {
  "id" : 1078,
  "createdAt" : "2025-11-09T18:55:04.976934",
  "fname" : "Michelle",
  "lname" : "Brown",
  "assignedClinic" : 674,
  "shiftDays" : [ 1, 5, 6 ]
}, {
  "id" : 1079,
  "createdAt" : "2025-11-09T18:55:05.016193",
  "fname" : "Fatimah",
  "lname" : "Abdullah",
  "assignedClinic" : 674,
  "shiftDays" : [ 4 ]
}, {
  "id" : 1080,
  "createdAt" : "2025-11-09T18:55:05.056183",
  "fname" : "Richard",
  "lname" : "Miller",
  "assignedClinic" : 674,
  "shiftDays" : [ 2, 3, 7 ]
}, {
  "id" : 1081,
  "createdAt" : "2025-11-09T18:55:05.090867",
  "fname" : "Meera",
  "lname" : "Patel",
  "assignedClinic" : 694,
  "shiftDays" : [ 2, 5, 6 ]
}, {
  "id" : 1082,
  "createdAt" : "2025-11-09T18:55:05.161455",
  "fname" : "Zheng Jie",
  "lname" : "Wu",
  "assignedClinic" : 694,
  "shiftDays" : [ 1, 4 ]
}, {
  "id" : 1083,
  "createdAt" : "2025-11-09T18:55:05.221297",
  "fname" : "Rashida",
  "lname" : "Ali",
  "assignedClinic" : 694,
  "shiftDays" : [ 3 ]
}, {
  "id" : 1084,
  "createdAt" : "2025-11-09T18:55:05.260008",
  "fname" : "Singh",
  "lname" : "Kumar",
  "assignedClinic" : 723,
  "shiftDays" : [ 2, 3, 5 ]
}, {
  "id" : 1085,
  "createdAt" : "2025-11-09T18:55:05.316108",
  "fname" : "Vidya",
  "lname" : "Nair",
  "assignedClinic" : 723,
  "shiftDays" : [ 1, 7 ]
}, {
  "id" : 1086,
  "createdAt" : "2025-11-09T18:55:05.355805",
  "fname" : "Radha",
  "lname" : "Rao",
  "assignedClinic" : 723,
  "shiftDays" : [ 6 ]
}, {
  "id" : 1087,
  "createdAt" : "2025-11-09T18:55:05.507226",
  "fname" : "Hui Xin",
  "lname" : "Zhang",
  "assignedClinic" : 726,
  "shiftDays" : [ 3, 4, 6 ]
}, {
  "id" : 1088,
  "createdAt" : "2025-11-09T18:55:05.548758",
  "fname" : "Mohammad",
  "lname" : "Abdullah",
  "assignedClinic" : 726,
  "shiftDays" : [ 1, 5 ]
}, {
  "id" : 1089,
  "createdAt" : "2025-11-09T18:55:05.589191",
  "fname" : "Layla",
  "lname" : "Rahman",
  "assignedClinic" : 726,
  "shiftDays" : [ 7 ]
}, {
  "id" : 1090,
  "createdAt" : "2025-11-09T18:55:05.634167",
  "fname" : "Fatimah",
  "lname" : "Yusuf",
  "assignedClinic" : 739,
  "shiftDays" : [ 1, 5 ]
}, {
  "id" : 1091,
  "createdAt" : "2025-11-09T18:55:05.687115",
  "fname" : "Zain",
  "lname" : "Ali",
  "assignedClinic" : 739,
  "shiftDays" : [ 4, 6, 7 ]
}, {
  "id" : 1092,
  "createdAt" : "2025-11-09T18:55:05.755753",
  "fname" : "Angela",
  "lname" : "Davis",
  "assignedClinic" : 739,
  "shiftDays" : [ 3 ]
}, {
  "id" : 1093,
  "createdAt" : "2025-11-09T18:55:05.821851",
  "fname" : "Christina",
  "lname" : "Smith",
  "assignedClinic" : 741,
  "shiftDays" : [ 3, 4, 5 ]
}, {
  "id" : 1094,
  "createdAt" : "2025-11-09T18:55:05.879307",
  "fname" : "Nur",
  "lname" : "Abdullah",
  "assignedClinic" : 741,
  "shiftDays" : [ 2 ]
}, {
  "id" : 1095,
  "createdAt" : "2025-11-09T18:55:05.957074",
  "fname" : "Xin Yi",
  "lname" : "Liu",
  "assignedClinic" : 741,
  "shiftDays" : [ 1, 6, 7 ]
}, {
  "id" : 1096,
  "createdAt" : "2025-11-09T18:55:06.005529",
  "fname" : "Soon Tat",
  "lname" : "Zhou",
  "assignedClinic" : 743,
  "shiftDays" : [ 1, 7 ]
}, {
  "id" : 1097,
  "createdAt" : "2025-11-09T18:55:06.190101",
  "fname" : "Natalie",
  "lname" : "Martinez",
  "assignedClinic" : 743,
  "shiftDays" : [ 2, 3, 4 ]
}, {
  "id" : 1098,
  "createdAt" : "2025-11-09T18:55:06.240101",
  "fname" : "Qing Tao",
  "lname" : "Wong",
  "assignedClinic" : 743,
  "shiftDays" : [ 5 ]
}, {
  "id" : 1099,
  "createdAt" : "2025-11-09T18:55:06.281101",
  "fname" : "Hakim",
  "lname" : "Yusuf",
  "assignedClinic" : 750,
  "shiftDays" : [ 2, 5 ]
}, {
  "id" : 1100,
  "createdAt" : "2025-11-09T18:55:06.346969",
  "fname" : "Uma",
  "lname" : "Patel",
  "assignedClinic" : 750,
  "shiftDays" : [ 1, 3 ]
}, {
  "id" : 1101,
  "createdAt" : "2025-11-09T18:55:06.387781",
  "fname" : "David",
  "lname" : "Martinez",
  "assignedClinic" : 750,
  "shiftDays" : [ 4, 6, 7 ]
}, {
  "id" : 1102,
  "createdAt" : "2025-11-09T18:55:06.462749",
  "fname" : "Chee Heng",
  "lname" : "Teo",
  "assignedClinic" : 782,
  "shiftDays" : [ 6 ]
}, {
  "id" : 1103,
  "createdAt" : "2025-11-09T18:55:06.505446",
  "fname" : "Chee Seng",
  "lname" : "Goh",
  "assignedClinic" : 782,
  "shiftDays" : [ 7 ]
}, {
  "id" : 1104,
  "createdAt" : "2025-11-09T18:55:06.560869",
  "fname" : "Richard",
  "lname" : "Smith",
  "assignedClinic" : 782,
  "shiftDays" : [ 2 ]
}, {
  "id" : 1105,
  "createdAt" : "2025-11-09T18:55:06.635159",
  "fname" : "Rashida",
  "lname" : "Abdullah",
  "assignedClinic" : 821,
  "shiftDays" : [ 4 ]
}, {
  "id" : 1106,
  "createdAt" : "2025-11-09T18:55:06.715494",
  "fname" : "Rashid",
  "lname" : "Ibrahim",
  "assignedClinic" : 821,
  "shiftDays" : [ 2 ]
}, {
  "id" : 1107,
  "createdAt" : "2025-11-09T18:55:06.871022",
  "fname" : "Neha",
  "lname" : "Rao",
  "assignedClinic" : 821,
  "shiftDays" : [ 3, 5, 7 ]
}, {
  "id" : 1108,
  "createdAt" : "2025-11-09T18:55:06.915829",
  "fname" : "Jamal",
  "lname" : "Rahman",
  "assignedClinic" : 833,
  "shiftDays" : [ 1, 3 ]
}, {
  "id" : 1109,
  "createdAt" : "2025-11-09T18:55:06.97837",
  "fname" : "Aisha",
  "lname" : "Zain",
  "assignedClinic" : 833,
  "shiftDays" : [ 2, 5, 6 ]
}, {
  "id" : 1110,
  "createdAt" : "2025-11-09T18:55:07.068533",
  "fname" : "Yasmin",
  "lname" : "Patel",
  "assignedClinic" : 833,
  "shiftDays" : [ 4, 7 ]
}, {
  "id" : 1111,
  "createdAt" : "2025-11-09T18:55:07.107173",
  "fname" : "Kavita",
  "lname" : "Sharma",
  "assignedClinic" : 869,
  "shiftDays" : [ 3, 5 ]
}, {
  "id" : 1112,
  "createdAt" : "2025-11-09T18:55:07.180977",
  "fname" : "Gupta",
  "lname" : "Kumar",
  "assignedClinic" : 869,
  "shiftDays" : [ 2 ]
}, {
  "id" : 1113,
  "createdAt" : "2025-11-09T18:55:07.228584",
  "fname" : "Tian Hong",
  "lname" : "Lim",
  "assignedClinic" : 869,
  "shiftDays" : [ 1, 4, 7 ]
}, {
  "id" : 1114,
  "createdAt" : "2025-11-09T18:55:07.267718",
  "fname" : "Nair",
  "lname" : "Mehta",
  "assignedClinic" : 878,
  "shiftDays" : [ 1, 2 ]
}, {
  "id" : 1115,
  "createdAt" : "2025-11-09T18:55:07.321597",
  "fname" : "Jamal",
  "lname" : "Malik",
  "assignedClinic" : 878,
  "shiftDays" : [ 6, 7 ]
}, {
  "id" : 1116,
  "createdAt" : "2025-11-09T18:55:07.365461",
  "fname" : "Justin",
  "lname" : "Johnson",
  "assignedClinic" : 878,
  "shiftDays" : [ 3 ]
}, {
  "id" : 1117,
  "createdAt" : "2025-11-09T18:55:07.541754",
  "fname" : "Verma",
  "lname" : "Singh",
  "assignedClinic" : 890,
  "shiftDays" : [ 1, 3, 5 ]
}, {
  "id" : 1118,
  "createdAt" : "2025-11-09T18:55:07.589712",
  "fname" : "Uma",
  "lname" : "Verma",
  "assignedClinic" : 890,
  "shiftDays" : [ 4, 7 ]
}, {
  "id" : 1119,
  "createdAt" : "2025-11-09T18:55:07.660377",
  "fname" : "Kumar",
  "lname" : "Rao",
  "assignedClinic" : 890,
  "shiftDays" : [ 2 ]
}, {
  "id" : 1120,
  "createdAt" : "2025-11-09T18:55:07.698301",
  "fname" : "Zheng Feng",
  "lname" : "Zhou",
  "assignedClinic" : 901,
  "shiftDays" : [ 1, 3, 7 ]
}, {
  "id" : 1121,
  "createdAt" : "2025-11-09T18:55:07.768723",
  "fname" : "Shanti",
  "lname" : "Rao",
  "assignedClinic" : 901,
  "shiftDays" : [ 4 ]
}, {
  "id" : 1122,
  "createdAt" : "2025-11-09T18:55:07.864855",
  "fname" : "Ali",
  "lname" : "Faisal",
  "assignedClinic" : 901,
  "shiftDays" : [ 2, 5, 6 ]
}, {
  "id" : 1123,
  "createdAt" : "2025-11-09T18:55:07.925474",
  "fname" : "Li Ming",
  "lname" : "Wong",
  "assignedClinic" : 903,
  "shiftDays" : [ 4, 5, 6 ]
}, {
  "id" : 1124,
  "createdAt" : "2025-11-09T18:55:07.993483",
  "fname" : "Brandon",
  "lname" : "Jones",
  "assignedClinic" : 903,
  "shiftDays" : [ 2 ]
}, {
  "id" : 1125,
  "createdAt" : "2025-11-09T18:55:08.067901",
  "fname" : "Soon Tat",
  "lname" : "Zhang",
  "assignedClinic" : 903,
  "shiftDays" : [ 1, 3, 7 ]
}, {
  "id" : 1126,
  "createdAt" : "2025-11-09T18:55:08.139099",
  "fname" : "Khalil",
  "lname" : "Ali",
  "assignedClinic" : 914,
  "shiftDays" : [ 2, 3, 6 ]
}, {
  "id" : 1127,
  "createdAt" : "2025-11-09T18:55:08.302643",
  "fname" : "Liang Tian",
  "lname" : "Koh",
  "assignedClinic" : 914,
  "shiftDays" : [ 1, 4, 7 ]
}, {
  "id" : 1128,
  "createdAt" : "2025-11-09T18:55:08.348973",
  "fname" : "Verma",
  "lname" : "Verma",
  "assignedClinic" : 914,
  "shiftDays" : [ 5 ]
}, {
  "id" : 1129,
  "createdAt" : "2025-11-09T18:55:08.389633",
  "fname" : "Melissa",
  "lname" : "Garcia",
  "assignedClinic" : 923,
  "shiftDays" : [ 3, 4 ]
}, {
  "id" : 1130,
  "createdAt" : "2025-11-09T18:55:08.437419",
  "fname" : "Gupta",
  "lname" : "Mehta",
  "assignedClinic" : 923,
  "shiftDays" : [ 1, 6 ]
}, {
  "id" : 1131,
  "createdAt" : "2025-11-09T18:55:08.488369",
  "fname" : "Kavita",
  "lname" : "Patel",
  "assignedClinic" : 923,
  "shiftDays" : [ 2, 5 ]
}, {
  "id" : 1132,
  "createdAt" : "2025-11-09T18:55:08.540149",
  "fname" : "Kevin",
  "lname" : "Miller",
  "assignedClinic" : 964,
  "shiftDays" : [ 3, 4, 7 ]
}, {
  "id" : 1133,
  "createdAt" : "2025-11-09T18:55:08.586468",
  "fname" : "Jing Qing",
  "lname" : "Chen",
  "assignedClinic" : 964,
  "shiftDays" : [ 5, 6 ]
}, {
  "id" : 1134,
  "createdAt" : "2025-11-09T18:55:08.641361",
  "fname" : "Joseph",
  "lname" : "Davis",
  "assignedClinic" : 964,
  "shiftDays" : [ 1 ]
}, {
  "id" : 1135,
  "createdAt" : "2025-11-09T18:55:08.674855",
  "fname" : "Michael",
  "lname" : "Martinez",
  "assignedClinic" : 965,
  "shiftDays" : [ 3, 6, 7 ]
}, {
  "id" : 1136,
  "createdAt" : "2025-11-09T18:55:08.715056",
  "fname" : "Kavita",
  "lname" : "Nair",
  "assignedClinic" : 965,
  "shiftDays" : [ 4, 5 ]
}, {
  "id" : 1137,
  "createdAt" : "2025-11-09T18:55:08.861509",
  "fname" : "Rashida",
  "lname" : "Rahman",
  "assignedClinic" : 965,
  "shiftDays" : [ 1, 2 ]
}, {
  "id" : 1138,
  "createdAt" : "2025-11-09T18:55:08.915856",
  "fname" : "Priya",
  "lname" : "Reddy",
  "assignedClinic" : 969,
  "shiftDays" : [ 2, 5 ]
}, {
  "id" : 1139,
  "createdAt" : "2025-11-09T18:55:08.961801",
  "fname" : "Khalil",
  "lname" : "Malik",
  "assignedClinic" : 969,
  "shiftDays" : [ 1, 3, 6 ]
}, {
  "id" : 1140,
  "createdAt" : "2025-11-09T18:55:09.018689",
  "fname" : "Yusuf",
  "lname" : "Malik",
  "assignedClinic" : 969,
  "shiftDays" : [ 4, 7 ]
}, {
  "id" : 1141,
  "createdAt" : "2025-11-09T18:55:09.096878",
  "fname" : "Joseph",
  "lname" : "Martinez",
  "assignedClinic" : 976,
  "shiftDays" : [ 1, 3, 4 ]
}, {
  "id" : 1142,
  "createdAt" : "2025-11-09T18:55:09.132479",
  "fname" : "Patel",
  "lname" : "Singh",
  "assignedClinic" : 976,
  "shiftDays" : [ 2, 5, 7 ]
}, {
  "id" : 1143,
  "createdAt" : "2025-11-09T18:55:09.215645",
  "fname" : "Chin Hock",
  "lname" : "Koh",
  "assignedClinic" : 976,
  "shiftDays" : [ 6 ]
}, {
  "id" : 1144,
  "createdAt" : "2025-11-09T18:55:09.260121",
  "fname" : "Singh",
  "lname" : "Sharma",
  "assignedClinic" : 990,
  "shiftDays" : [ 3 ]
}, {
  "id" : 1145,
  "createdAt" : "2025-11-09T18:55:09.301027",
  "fname" : "Ismail",
  "lname" : "Ali",
  "assignedClinic" : 990,
  "shiftDays" : [ 1, 4 ]
}, {
  "id" : 1146,
  "createdAt" : "2025-11-09T18:55:09.338301",
  "fname" : "Matthew",
  "lname" : "Smith",
  "assignedClinic" : 990,
  "shiftDays" : [ 5, 7 ]
}, {
  "id" : 1147,
  "createdAt" : "2025-11-09T18:55:09.516408",
  "fname" : "Verma",
  "lname" : "Reddy",
  "assignedClinic" : 1001,
  "shiftDays" : [ 2, 7 ]
}, {
  "id" : 1148,
  "createdAt" : "2025-11-09T18:55:09.565622",
  "fname" : "Neha",
  "lname" : "Gupta",
  "assignedClinic" : 1001,
  "shiftDays" : [ 4, 6 ]
}, {
  "id" : 1149,
  "createdAt" : "2025-11-09T18:55:09.603242",
  "fname" : "Jun Wei",
  "lname" : "Ong",
  "assignedClinic" : 1001,
  "shiftDays" : [ 3 ]
}, {
  "id" : 1150,
  "createdAt" : "2025-11-09T18:55:09.638115",
  "fname" : "James",
  "lname" : "Davis",
  "assignedClinic" : 1033,
  "shiftDays" : [ 3, 6 ]
}, {
  "id" : 1151,
  "createdAt" : "2025-11-09T18:55:09.689044",
  "fname" : "Yan Yi",
  "lname" : "Huang",
  "assignedClinic" : 1033,
  "shiftDays" : [ 1, 2, 7 ]
}, {
  "id" : 1152,
  "createdAt" : "2025-11-09T18:55:09.72673",
  "fname" : "Hui Xin",
  "lname" : "Lim",
  "assignedClinic" : 1033,
  "shiftDays" : [ 4, 5 ]
}, {
  "id" : 1153,
  "createdAt" : "2025-11-09T18:55:09.771019",
  "fname" : "Hong Jing",
  "lname" : "Zhang",
  "assignedClinic" : 1036,
  "shiftDays" : [ 1, 3, 7 ]
}, {
  "id" : 1154,
  "createdAt" : "2025-11-09T18:55:09.80769",
  "fname" : "Soon Tat",
  "lname" : "Chen",
  "assignedClinic" : 1036,
  "shiftDays" : [ 2, 6 ]
}, {
  "id" : 1155,
  "createdAt" : "2025-11-09T18:55:09.854739",
  "fname" : "Uma",
  "lname" : "Singh",
  "assignedClinic" : 1036,
  "shiftDays" : [ 4, 5 ]
}, {
  "id" : 1156,
  "createdAt" : "2025-11-09T18:55:09.916582",
  "fname" : "Ismail",
  "lname" : "Malik",
  "assignedClinic" : 1042,
  "shiftDays" : [ 1, 3, 4 ]
}, {
  "id" : 1157,
  "createdAt" : "2025-11-09T18:55:10.05296",
  "fname" : "Rizwan",
  "lname" : "Yusuf",
  "assignedClinic" : 1042,
  "shiftDays" : [ 2, 6 ]
}, {
  "id" : 1158,
  "createdAt" : "2025-11-09T18:55:10.122385",
  "fname" : "Jessica",
  "lname" : "Rodriguez",
  "assignedClinic" : 1042,
  "shiftDays" : [ 5 ]
}, {
  "id" : 1159,
  "createdAt" : "2025-11-09T18:55:10.183626",
  "fname" : "Linda",
  "lname" : "Smith",
  "assignedClinic" : 1052,
  "shiftDays" : [ 2 ]
}, {
  "id" : 1160,
  "createdAt" : "2025-11-09T18:55:10.265743",
  "fname" : "Layla",
  "lname" : "Ali",
  "assignedClinic" : 1052,
  "shiftDays" : [ 1, 5, 6 ]
}, {
  "id" : 1161,
  "createdAt" : "2025-11-09T18:55:10.312794",
  "fname" : "Chee Yong",
  "lname" : "Xu",
  "assignedClinic" : 1052,
  "shiftDays" : [ 3, 4, 7 ]
}, {
  "id" : 1162,
  "createdAt" : "2025-11-09T18:55:10.362065",
  "fname" : "Jamal",
  "lname" : "Yusuf",
  "assignedClinic" : 1055,
  "shiftDays" : [ 2 ]
}, {
  "id" : 1163,
  "createdAt" : "2025-11-09T18:55:10.402391",
  "fname" : "Chee Seng",
  "lname" : "Lim",
  "assignedClinic" : 1055,
  "shiftDays" : [ 3, 6 ]
}, {
  "id" : 1164,
  "createdAt" : "2025-11-09T18:55:10.443978",
  "fname" : "Emma",
  "lname" : "Martinez",
  "assignedClinic" : 1055,
  "shiftDays" : [ 5, 7 ]
}, {
  "id" : 1165,
  "createdAt" : "2025-11-09T18:55:10.491841",
  "fname" : "Chin Hock",
  "lname" : "Wu",
  "assignedClinic" : 1064,
  "shiftDays" : [ 3 ]
}, {
  "id" : 1166,
  "createdAt" : "2025-11-09T18:55:10.591669",
  "fname" : "Benjamin",
  "lname" : "Williams",
  "assignedClinic" : 1064,
  "shiftDays" : [ 4, 5, 6 ]
}, {
  "id" : 757,
  "createdAt" : "2025-11-09T18:54:38.982809",
  "fname" : "Reddy",
  "lname" : "Singh",
  "assignedClinic" : 5,
  "shiftDays" : [ 1, 4, 7 ]
}, {
  "id" : 758,
  "createdAt" : "2025-11-09T18:54:39.566999",
  "fname" : "Robert",
  "lname" : "Garcia",
  "assignedClinic" : 5,
  "shiftDays" : [ 3, 5 ]
}, {
  "id" : 759,
  "createdAt" : "2025-11-09T18:54:41.791134",
  "fname" : "Soon Tat",
  "lname" : "Lee",
  "assignedClinic" : 5,
  "shiftDays" : [ 6 ]
}, {
  "id" : 760,
  "createdAt" : "2025-11-09T18:54:42.079778",
  "fname" : "Shanti",
  "lname" : "Kumar",
  "assignedClinic" : 16,
  "shiftDays" : [ 1, 4, 6 ]
}, {
  "id" : 761,
  "createdAt" : "2025-11-09T18:54:42.575324",
  "fname" : "Li Ming",
  "lname" : "Lee",
  "assignedClinic" : 16,
  "shiftDays" : [ 2, 5 ]
}, {
  "id" : 762,
  "createdAt" : "2025-11-09T18:54:42.78893",
  "fname" : "Zheng Feng",
  "lname" : "Zhang",
  "assignedClinic" : 16,
  "shiftDays" : [ 3, 7 ]
}, {
  "id" : 763,
  "createdAt" : "2025-11-09T18:54:43.294151",
  "fname" : "Samantha",
  "lname" : "Williams",
  "assignedClinic" : 20,
  "shiftDays" : [ 1, 2, 6 ]
}, {
  "id" : 764,
  "createdAt" : "2025-11-09T18:54:43.555821",
  "fname" : "Fatimah",
  "lname" : "Ibrahim",
  "assignedClinic" : 20,
  "shiftDays" : [ 4, 5, 7 ]
}, {
  "id" : 765,
  "createdAt" : "2025-11-09T18:54:43.769847",
  "fname" : "Jonathan",
  "lname" : "Brown",
  "assignedClinic" : 20,
  "shiftDays" : [ 3 ]
}, {
  "id" : 766,
  "createdAt" : "2025-11-09T18:54:43.825634",
  "fname" : "Aziz",
  "lname" : "Malik",
  "assignedClinic" : 21,
  "shiftDays" : [ 1, 5 ]
}, {
  "id" : 767,
  "createdAt" : "2025-11-09T18:54:43.97035",
  "fname" : "Stephanie",
  "lname" : "Davis",
  "assignedClinic" : 21,
  "shiftDays" : [ 2, 3 ]
}, {
  "id" : 768,
  "createdAt" : "2025-11-09T18:54:44.030615",
  "fname" : "Kevin",
  "lname" : "Smith",
  "assignedClinic" : 21,
  "shiftDays" : [ 4, 6, 7 ]
}, {
  "id" : 769,
  "createdAt" : "2025-11-09T18:54:44.091573",
  "fname" : "Raj",
  "lname" : "Rao",
  "assignedClinic" : 32,
  "shiftDays" : [ 2, 6, 7 ]
}, {
  "id" : 770,
  "createdAt" : "2025-11-09T18:54:44.155612",
  "fname" : "Li Ming",
  "lname" : "Teo",
  "assignedClinic" : 32,
  "shiftDays" : [ 3, 4 ]
}, {
  "id" : 771,
  "createdAt" : "2025-11-09T18:54:44.207302",
  "fname" : "Vidya",
  "lname" : "Gupta",
  "assignedClinic" : 32,
  "shiftDays" : [ 1 ]
}, {
  "id" : 772,
  "createdAt" : "2025-11-09T18:54:44.256569",
  "fname" : "Reddy",
  "lname" : "Gupta",
  "assignedClinic" : 33,
  "shiftDays" : [ 2, 4, 5 ]
}, {
  "id" : 773,
  "createdAt" : "2025-11-09T18:54:44.310718",
  "fname" : "Layla",
  "lname" : "Faisal",
  "assignedClinic" : 33,
  "shiftDays" : [ 1, 3, 6 ]
}, {
  "id" : 774,
  "createdAt" : "2025-11-09T18:54:44.361741",
  "fname" : "Soon Tat",
  "lname" : "Wang",
  "assignedClinic" : 33,
  "shiftDays" : [ 7 ]
}, {
  "id" : 775,
  "createdAt" : "2025-11-09T18:54:44.412728",
  "fname" : "Yusuf",
  "lname" : "Malik",
  "assignedClinic" : 61,
  "shiftDays" : [ 1, 2, 3 ]
}, {
  "id" : 776,
  "createdAt" : "2025-11-09T18:54:44.479926",
  "fname" : "Rizwan",
  "lname" : "Malik",
  "assignedClinic" : 61,
  "shiftDays" : [ 4, 5, 7 ]
}, {
  "id" : 777,
  "createdAt" : "2025-11-09T18:54:44.632545",
  "fname" : "Tao Yuan",
  "lname" : "Li",
  "assignedClinic" : 61,
  "shiftDays" : [ 6 ]
}, {
  "id" : 778,
  "createdAt" : "2025-11-09T18:54:44.683084",
  "fname" : "Chee Heng",
  "lname" : "Ng",
  "assignedClinic" : 67,
  "shiftDays" : [ 6 ]
}, {
  "id" : 779,
  "createdAt" : "2025-11-09T18:54:44.735454",
  "fname" : "Xin Tian",
  "lname" : "Chen",
  "assignedClinic" : 67,
  "shiftDays" : [ 5 ]
}, {
  "id" : 780,
  "createdAt" : "2025-11-09T18:54:44.79681",
  "fname" : "Stephanie",
  "lname" : "Davis",
  "assignedClinic" : 67,
  "shiftDays" : [ 2, 3, 4 ]
}, {
  "id" : 781,
  "createdAt" : "2025-11-09T18:54:44.856914",
  "fname" : "Yusuf",
  "lname" : "Faisal",
  "assignedClinic" : 71,
  "shiftDays" : [ 1, 3, 7 ]
}, {
  "id" : 782,
  "createdAt" : "2025-11-09T18:54:44.910891",
  "fname" : "James",
  "lname" : "Brown",
  "assignedClinic" : 71,
  "shiftDays" : [ 4 ]
}, {
  "id" : 783,
  "createdAt" : "2025-11-09T18:54:44.961687",
  "fname" : "Isabella",
  "lname" : "Martinez",
  "assignedClinic" : 71,
  "shiftDays" : [ 2, 5, 6 ]
}, {
  "id" : 784,
  "createdAt" : "2025-11-09T18:54:45.001506",
  "fname" : "Neha",
  "lname" : "Reddy",
  "assignedClinic" : 75,
  "shiftDays" : [ 4, 6, 7 ]
}, {
  "id" : 785,
  "createdAt" : "2025-11-09T18:54:45.068623",
  "fname" : "Lisa",
  "lname" : "Martinez",
  "assignedClinic" : 75,
  "shiftDays" : [ 1, 2, 5 ]
}, {
  "id" : 786,
  "createdAt" : "2025-11-09T18:54:45.150854",
  "fname" : "Chee Heng",
  "lname" : "Koh",
  "assignedClinic" : 75,
  "shiftDays" : [ 3 ]
}, {
  "id" : 787,
  "createdAt" : "2025-11-09T18:54:45.303604",
  "fname" : "Zain",
  "lname" : "Rahman",
  "assignedClinic" : 76,
  "shiftDays" : [ 5, 6, 7 ]
}, {
  "id" : 788,
  "createdAt" : "2025-11-09T18:54:45.355849",
  "fname" : "Robert",
  "lname" : "Davis",
  "assignedClinic" : 76,
  "shiftDays" : [ 2, 4 ]
}, {
  "id" : 789,
  "createdAt" : "2025-11-09T18:54:45.424849",
  "fname" : "Chin Hock",
  "lname" : "Lim",
  "assignedClinic" : 76,
  "shiftDays" : [ 3 ]
}, {
  "id" : 790,
  "createdAt" : "2025-11-09T18:54:45.497131",
  "fname" : "Wai Yang",
  "lname" : "Xu",
  "assignedClinic" : 77,
  "shiftDays" : [ 3 ]
}, {
  "id" : 791,
  "createdAt" : "2025-11-09T18:54:45.543703",
  "fname" : "Zheng Feng",
  "lname" : "Goh",
  "assignedClinic" : 77,
  "shiftDays" : [ 2, 5 ]
}, {
  "id" : 792,
  "createdAt" : "2025-11-09T18:54:45.600277",
  "fname" : "Rizwan",
  "lname" : "Hassan",
  "assignedClinic" : 77,
  "shiftDays" : [ 4, 6, 7 ]
}, {
  "id" : 793,
  "createdAt" : "2025-11-09T18:54:45.641915",
  "fname" : "Hui Xin",
  "lname" : "Xu",
  "assignedClinic" : 79,
  "shiftDays" : [ 1, 4, 7 ]
}, {
  "id" : 794,
  "createdAt" : "2025-11-09T18:54:45.676781",
  "fname" : "Amy",
  "lname" : "Williams",
  "assignedClinic" : 79,
  "shiftDays" : [ 2, 5, 6 ]
}, {
  "id" : 795,
  "createdAt" : "2025-11-09T18:54:45.750013",
  "fname" : "Farid",
  "lname" : "Hassan",
  "assignedClinic" : 79,
  "shiftDays" : [ 3 ]
}, {
  "id" : 796,
  "createdAt" : "2025-11-09T18:54:45.792472",
  "fname" : "Uma",
  "lname" : "Mehta",
  "assignedClinic" : 96,
  "shiftDays" : [ 6 ]
}, {
  "id" : 797,
  "createdAt" : "2025-11-09T18:54:45.974579",
  "fname" : "Hakim",
  "lname" : "Yusuf",
  "assignedClinic" : 96,
  "shiftDays" : [ 1, 2 ]
}, {
  "id" : 798,
  "createdAt" : "2025-11-09T18:54:46.019659",
  "fname" : "Brian",
  "lname" : "Garcia",
  "assignedClinic" : 96,
  "shiftDays" : [ 7 ]
}, {
  "id" : 799,
  "createdAt" : "2025-11-09T18:54:46.079141",
  "fname" : "Jie",
  "lname" : "Chen",
  "assignedClinic" : 98,
  "shiftDays" : [ 3, 6 ]
}, {
  "id" : 800,
  "createdAt" : "2025-11-09T18:54:46.112038",
  "fname" : "Jamal",
  "lname" : "Hassan",
  "assignedClinic" : 98,
  "shiftDays" : [ 2, 4 ]
}, {
  "id" : 801,
  "createdAt" : "2025-11-09T18:54:46.178043",
  "fname" : "Kai",
  "lname" : "Liu",
  "assignedClinic" : 98,
  "shiftDays" : [ 5 ]
}, {
  "id" : 802,
  "createdAt" : "2025-11-09T18:54:46.280263",
  "fname" : "Patel",
  "lname" : "Patel",
  "assignedClinic" : 100,
  "shiftDays" : [ 2 ]
}, {
  "id" : 803,
  "createdAt" : "2025-11-09T18:54:46.329575",
  "fname" : "Wei Jie",
  "lname" : "Lim",
  "assignedClinic" : 100,
  "shiftDays" : [ 5 ]
}, {
  "id" : 804,
  "createdAt" : "2025-11-09T18:54:46.400172",
  "fname" : "Qing Tao",
  "lname" : "Zhou",
  "assignedClinic" : 100,
  "shiftDays" : [ 6 ]
}, {
  "id" : 805,
  "createdAt" : "2025-11-09T18:54:46.471234",
  "fname" : "Chin Hock",
  "lname" : "Ng",
  "assignedClinic" : 108,
  "shiftDays" : [ 7 ]
}, {
  "id" : 806,
  "createdAt" : "2025-11-09T18:54:46.52512",
  "fname" : "Karen",
  "lname" : "Brown",
  "assignedClinic" : 108,
  "shiftDays" : [ 4 ]
}, {
  "id" : 807,
  "createdAt" : "2025-11-09T18:54:46.671717",
  "fname" : "Olivia",
  "lname" : "Martinez",
  "assignedClinic" : 108,
  "shiftDays" : [ 1, 6 ]
}, {
  "id" : 808,
  "createdAt" : "2025-11-09T18:54:46.719344",
  "fname" : "Kai",
  "lname" : "Zhang",
  "assignedClinic" : 113,
  "shiftDays" : [ 3, 6 ]
}, {
  "id" : 809,
  "createdAt" : "2025-11-09T18:54:46.757099",
  "fname" : "Rashid",
  "lname" : "Omar",
  "assignedClinic" : 113,
  "shiftDays" : [ 1, 4, 7 ]
}, {
  "id" : 810,
  "createdAt" : "2025-11-09T18:54:46.807505",
  "fname" : "Ibrahim",
  "lname" : "Abdullah",
  "assignedClinic" : 113,
  "shiftDays" : [ 2 ]
}, {
  "id" : 811,
  "createdAt" : "2025-11-09T18:54:46.873272",
  "fname" : "Uma",
  "lname" : "Rao",
  "assignedClinic" : 123,
  "shiftDays" : [ 6, 7 ]
}, {
  "id" : 812,
  "createdAt" : "2025-11-09T18:54:46.932426",
  "fname" : "Tian Hong",
  "lname" : "Ong",
  "assignedClinic" : 123,
  "shiftDays" : [ 1, 3, 5 ]
}, {
  "id" : 813,
  "createdAt" : "2025-11-09T18:54:46.974962",
  "fname" : "Nair",
  "lname" : "Kumar",
  "assignedClinic" : 123,
  "shiftDays" : [ 2 ]
}, {
  "id" : 814,
  "createdAt" : "2025-11-09T18:54:47.034312",
  "fname" : "Aziz",
  "lname" : "Ibrahim",
  "assignedClinic" : 133,
  "shiftDays" : [ 1 ]
}, {
  "id" : 815,
  "createdAt" : "2025-11-09T18:54:47.102837",
  "fname" : "Verma",
  "lname" : "Gupta",
  "assignedClinic" : 133,
  "shiftDays" : [ 3, 4 ]
}, {
  "id" : 816,
  "createdAt" : "2025-11-09T18:54:47.149192",
  "fname" : "Nazir",
  "lname" : "Hassan",
  "assignedClinic" : 133,
  "shiftDays" : [ 5, 6, 7 ]
}, {
  "id" : 817,
  "createdAt" : "2025-11-09T18:54:47.288295",
  "fname" : "Kumar",
  "lname" : "Rao",
  "assignedClinic" : 135,
  "shiftDays" : [ 4, 6, 7 ]
}, {
  "id" : 818,
  "createdAt" : "2025-11-09T18:54:47.340734",
  "fname" : "Wai Yang",
  "lname" : "Wu",
  "assignedClinic" : 135,
  "shiftDays" : [ 1, 5 ]
}, {
  "id" : 819,
  "createdAt" : "2025-11-09T18:54:47.391755",
  "fname" : "Wai Yang",
  "lname" : "Zhou",
  "assignedClinic" : 135,
  "shiftDays" : [ 3 ]
}, {
  "id" : 820,
  "createdAt" : "2025-11-09T18:54:47.444904",
  "fname" : "Michelle",
  "lname" : "Garcia",
  "assignedClinic" : 136,
  "shiftDays" : [ 2, 3, 4 ]
}, {
  "id" : 821,
  "createdAt" : "2025-11-09T18:54:47.4845",
  "fname" : "Hakim",
  "lname" : "Abdullah",
  "assignedClinic" : 136,
  "shiftDays" : [ 1, 7 ]
}, {
  "id" : 822,
  "createdAt" : "2025-11-09T18:54:47.556602",
  "fname" : "Faisal",
  "lname" : "Rahman",
  "assignedClinic" : 136,
  "shiftDays" : [ 5, 6 ]
}, {
  "id" : 823,
  "createdAt" : "2025-11-09T18:54:47.619159",
  "fname" : "Yasmin",
  "lname" : "Mehta",
  "assignedClinic" : 138,
  "shiftDays" : [ 1, 2, 7 ]
}, {
  "id" : 824,
  "createdAt" : "2025-11-09T18:54:47.681018",
  "fname" : "Eric",
  "lname" : "Williams",
  "assignedClinic" : 138,
  "shiftDays" : [ 3, 6 ]
}, {
  "id" : 825,
  "createdAt" : "2025-11-09T18:54:47.729304",
  "fname" : "Singh",
  "lname" : "Gupta",
  "assignedClinic" : 138,
  "shiftDays" : [ 5 ]
}, {
  "id" : 826,
  "createdAt" : "2025-11-09T18:54:47.797456",
  "fname" : "Kai",
  "lname" : "Wang",
  "assignedClinic" : 140,
  "shiftDays" : [ 1, 4 ]
}, {
  "id" : 827,
  "createdAt" : "2025-11-09T18:54:47.961762",
  "fname" : "Hui Xin",
  "lname" : "Zhou",
  "assignedClinic" : 140,
  "shiftDays" : [ 3, 6 ]
}, {
  "id" : 828,
  "createdAt" : "2025-11-09T18:54:48.023011",
  "fname" : "Radha",
  "lname" : "Kumar",
  "assignedClinic" : 140,
  "shiftDays" : [ 2, 5 ]
}, {
  "id" : 829,
  "createdAt" : "2025-11-09T18:54:48.074986",
  "fname" : "Zara",
  "lname" : "Zain",
  "assignedClinic" : 155,
  "shiftDays" : [ 3, 5 ]
}, {
  "id" : 830,
  "createdAt" : "2025-11-09T18:54:48.183176",
  "fname" : "Kevin",
  "lname" : "Williams",
  "assignedClinic" : 155,
  "shiftDays" : [ 2, 6, 7 ]
}, {
  "id" : 831,
  "createdAt" : "2025-11-09T18:54:48.228521",
  "fname" : "Gupta",
  "lname" : "Reddy",
  "assignedClinic" : 155,
  "shiftDays" : [ 1 ]
}, {
  "id" : 832,
  "createdAt" : "2025-11-09T18:54:48.265145",
  "fname" : "Hassan",
  "lname" : "Abdullah",
  "assignedClinic" : 186,
  "shiftDays" : [ 3, 6, 7 ]
}, {
  "id" : 833,
  "createdAt" : "2025-11-09T18:54:48.309475",
  "fname" : "Chee Heng",
  "lname" : "Teo",
  "assignedClinic" : 186,
  "shiftDays" : [ 1, 4 ]
}, {
  "id" : 834,
  "createdAt" : "2025-11-09T18:54:48.356299",
  "fname" : "Zheng Feng",
  "lname" : "Yang",
  "assignedClinic" : 186,
  "shiftDays" : [ 2 ]
}, {
  "id" : 835,
  "createdAt" : "2025-11-09T18:54:48.41061",
  "fname" : "Khalil",
  "lname" : "Yusuf",
  "assignedClinic" : 195,
  "shiftDays" : [ 1, 2, 3 ]
}, {
  "id" : 836,
  "createdAt" : "2025-11-09T18:54:48.45537",
  "fname" : "Ahmad",
  "lname" : "Ibrahim",
  "assignedClinic" : 195,
  "shiftDays" : [ 4, 6 ]
}, {
  "id" : 837,
  "createdAt" : "2025-11-09T18:54:48.603896",
  "fname" : "Zara",
  "lname" : "Omar",
  "assignedClinic" : 195,
  "shiftDays" : [ 7 ]
}, {
  "id" : 838,
  "createdAt" : "2025-11-09T18:54:48.676253",
  "fname" : "Tao Yuan",
  "lname" : "Zhang",
  "assignedClinic" : 198,
  "shiftDays" : [ 5, 6, 7 ]
}, {
  "id" : 839,
  "createdAt" : "2025-11-09T18:54:48.739128",
  "fname" : "Nair",
  "lname" : "Mehta",
  "assignedClinic" : 198,
  "shiftDays" : [ 2, 3, 4 ]
}, {
  "id" : 840,
  "createdAt" : "2025-11-09T18:54:48.785964",
  "fname" : "Reddy",
  "lname" : "Mehta",
  "assignedClinic" : 198,
  "shiftDays" : [ 1 ]
}, {
  "id" : 841,
  "createdAt" : "2025-11-09T18:54:48.849503",
  "fname" : "Kai",
  "lname" : "Zhang",
  "assignedClinic" : 202,
  "shiftDays" : [ 4, 5, 6 ]
}, {
  "id" : 842,
  "createdAt" : "2025-11-09T18:54:48.910613",
  "fname" : "Soon Keong",
  "lname" : "Teo",
  "assignedClinic" : 202,
  "shiftDays" : [ 3 ]
}, {
  "id" : 843,
  "createdAt" : "2025-11-09T18:54:48.953548",
  "fname" : "Deepa",
  "lname" : "Reddy",
  "assignedClinic" : 202,
  "shiftDays" : [ 1, 2, 7 ]
}, {
  "id" : 844,
  "createdAt" : "2025-11-09T18:54:48.996",
  "fname" : "Radha",
  "lname" : "Mehta",
  "assignedClinic" : 209,
  "shiftDays" : [ 1, 3, 5 ]
}, {
  "id" : 845,
  "createdAt" : "2025-11-09T18:54:49.049122",
  "fname" : "Mehta",
  "lname" : "Patel",
  "assignedClinic" : 209,
  "shiftDays" : [ 4 ]
}, {
  "id" : 846,
  "createdAt" : "2025-11-09T18:54:49.086139",
  "fname" : "Ahmad",
  "lname" : "Ibrahim",
  "assignedClinic" : 209,
  "shiftDays" : [ 2 ]
}, {
  "id" : 847,
  "createdAt" : "2025-11-09T18:54:49.252468",
  "fname" : "Neha",
  "lname" : "Gupta",
  "assignedClinic" : 222,
  "shiftDays" : [ 2, 5 ]
}, {
  "id" : 848,
  "createdAt" : "2025-11-09T18:54:49.313617",
  "fname" : "Chin Hock",
  "lname" : "Lim",
  "assignedClinic" : 222,
  "shiftDays" : [ 1, 4, 6 ]
}, {
  "id" : 849,
  "createdAt" : "2025-11-09T18:54:49.360773",
  "fname" : "Lauren",
  "lname" : "Davis",
  "assignedClinic" : 222,
  "shiftDays" : [ 7 ]
}, {
  "id" : 850,
  "createdAt" : "2025-11-09T18:54:49.456707",
  "fname" : "Paul",
  "lname" : "Martinez",
  "assignedClinic" : 226,
  "shiftDays" : [ 4 ]
}, {
  "id" : 851,
  "createdAt" : "2025-11-09T18:54:49.505167",
  "fname" : "Meera",
  "lname" : "Reddy",
  "assignedClinic" : 226,
  "shiftDays" : [ 7 ]
}, {
  "id" : 852,
  "createdAt" : "2025-11-09T18:54:49.539468",
  "fname" : "Mehta",
  "lname" : "Mehta",
  "assignedClinic" : 226,
  "shiftDays" : [ 1 ]
}, {
  "id" : 853,
  "createdAt" : "2025-11-09T18:54:49.5808",
  "fname" : "Sophia",
  "lname" : "Davis",
  "assignedClinic" : 231,
  "shiftDays" : [ 7 ]
}, {
  "id" : 854,
  "createdAt" : "2025-11-09T18:54:49.669116",
  "fname" : "Ming En",
  "lname" : "Goh",
  "assignedClinic" : 231,
  "shiftDays" : [ 4, 5, 6 ]
}, {
  "id" : 855,
  "createdAt" : "2025-11-09T18:54:49.718264",
  "fname" : "Kavita",
  "lname" : "Sharma",
  "assignedClinic" : 231,
  "shiftDays" : [ 2 ]
}, {
  "id" : 856,
  "createdAt" : "2025-11-09T18:54:49.786238",
  "fname" : "Jun Wei",
  "lname" : "Huang",
  "assignedClinic" : 233,
  "shiftDays" : [ 7 ]
}, {
  "id" : 857,
  "createdAt" : "2025-11-09T18:54:49.957612",
  "fname" : "Wai Yang",
  "lname" : "Chen",
  "assignedClinic" : 233,
  "shiftDays" : [ 3 ]
}, {
  "id" : 858,
  "createdAt" : "2025-11-09T18:54:50.015046",
  "fname" : "Deepa",
  "lname" : "Gupta",
  "assignedClinic" : 233,
  "shiftDays" : [ 5 ]
}, {
  "id" : 859,
  "createdAt" : "2025-11-09T18:54:50.073615",
  "fname" : "Nair",
  "lname" : "Kumar",
  "assignedClinic" : 235,
  "shiftDays" : [ 3, 4 ]
}, {
  "id" : 860,
  "createdAt" : "2025-11-09T18:54:50.113551",
  "fname" : "Jason",
  "lname" : "Brown",
  "assignedClinic" : 235,
  "shiftDays" : [ 2, 6 ]
}, {
  "id" : 861,
  "createdAt" : "2025-11-09T18:54:50.153035",
  "fname" : "Priya",
  "lname" : "Reddy",
  "assignedClinic" : 235,
  "shiftDays" : [ 1, 5, 7 ]
}, {
  "id" : 862,
  "createdAt" : "2025-11-09T18:54:50.196185",
  "fname" : "Karen",
  "lname" : "Johnson",
  "assignedClinic" : 238,
  "shiftDays" : [ 1 ]
}, {
  "id" : 863,
  "createdAt" : "2025-11-09T18:54:50.264606",
  "fname" : "Amy",
  "lname" : "Martinez",
  "assignedClinic" : 238,
  "shiftDays" : [ 4, 6 ]
}, {
  "id" : 864,
  "createdAt" : "2025-11-09T18:54:50.325646",
  "fname" : "Hamzah",
  "lname" : "Abdullah",
  "assignedClinic" : 238,
  "shiftDays" : [ 5 ]
}, {
  "id" : 865,
  "createdAt" : "2025-11-09T18:54:50.363997",
  "fname" : "Ali",
  "lname" : "Hassan",
  "assignedClinic" : 244,
  "shiftDays" : [ 6 ]
}, {
  "id" : 866,
  "createdAt" : "2025-11-09T18:54:50.416994",
  "fname" : "Chee Seng",
  "lname" : "Goh",
  "assignedClinic" : 244,
  "shiftDays" : [ 5 ]
}, {
  "id" : 867,
  "createdAt" : "2025-11-09T18:54:50.557071",
  "fname" : "Kumar",
  "lname" : "Rao",
  "assignedClinic" : 244,
  "shiftDays" : [ 1, 2, 4 ]
}, {
  "id" : 868,
  "createdAt" : "2025-11-09T18:54:50.627356",
  "fname" : "Jessica",
  "lname" : "Miller",
  "assignedClinic" : 248,
  "shiftDays" : [ 2, 5, 7 ]
}, {
  "id" : 869,
  "createdAt" : "2025-11-09T18:54:50.664916",
  "fname" : "Siti",
  "lname" : "Ibrahim",
  "assignedClinic" : 248,
  "shiftDays" : [ 1, 3, 6 ]
}, {
  "id" : 870,
  "createdAt" : "2025-11-09T18:54:50.740244",
  "fname" : "Zheng Jie",
  "lname" : "Huang",
  "assignedClinic" : 248,
  "shiftDays" : [ 4 ]
}, {
  "id" : 871,
  "createdAt" : "2025-11-09T18:54:50.788179",
  "fname" : "Chin Hock",
  "lname" : "Chen",
  "assignedClinic" : 253,
  "shiftDays" : [ 1, 3, 7 ]
}, {
  "id" : 872,
  "createdAt" : "2025-11-09T18:54:50.849933",
  "fname" : "Mark",
  "lname" : "Williams",
  "assignedClinic" : 253,
  "shiftDays" : [ 5 ]
}, {
  "id" : 873,
  "createdAt" : "2025-11-09T18:54:50.900823",
  "fname" : "Chin Hock",
  "lname" : "Wu",
  "assignedClinic" : 253,
  "shiftDays" : [ 4 ]
}, {
  "id" : 874,
  "createdAt" : "2025-11-09T18:54:50.991258",
  "fname" : "Nair",
  "lname" : "Mehta",
  "assignedClinic" : 256,
  "shiftDays" : [ 2, 7 ]
}, {
  "id" : 875,
  "createdAt" : "2025-11-09T18:54:51.028791",
  "fname" : "Melissa",
  "lname" : "Williams",
  "assignedClinic" : 256,
  "shiftDays" : [ 5 ]
}, {
  "id" : 876,
  "createdAt" : "2025-11-09T18:54:51.067536",
  "fname" : "Christopher",
  "lname" : "Williams",
  "assignedClinic" : 256,
  "shiftDays" : [ 3 ]
}, {
  "id" : 877,
  "createdAt" : "2025-11-09T18:54:51.244312",
  "fname" : "Nair",
  "lname" : "Sharma",
  "assignedClinic" : 257,
  "shiftDays" : [ 3, 4 ]
}, {
  "id" : 878,
  "createdAt" : "2025-11-09T18:54:51.298643",
  "fname" : "Raj",
  "lname" : "Sharma",
  "assignedClinic" : 257,
  "shiftDays" : [ 1, 7 ]
}, {
  "id" : 879,
  "createdAt" : "2025-11-09T18:54:51.36821",
  "fname" : "Mark",
  "lname" : "Jones",
  "assignedClinic" : 257,
  "shiftDays" : [ 5 ]
}, {
  "id" : 880,
  "createdAt" : "2025-11-09T18:54:51.469183",
  "fname" : "Jun Wei",
  "lname" : "Goh",
  "assignedClinic" : 260,
  "shiftDays" : [ 1, 4 ]
}, {
  "id" : 881,
  "createdAt" : "2025-11-09T18:54:51.527553",
  "fname" : "Kai",
  "lname" : "Ong",
  "assignedClinic" : 260,
  "shiftDays" : [ 6, 7 ]
}, {
  "id" : 882,
  "createdAt" : "2025-11-09T18:54:51.648313",
  "fname" : "Ryan",
  "lname" : "Johnson",
  "assignedClinic" : 260,
  "shiftDays" : [ 2, 3 ]
}, {
  "id" : 883,
  "createdAt" : "2025-11-09T18:54:51.76348",
  "fname" : "Yan Yi",
  "lname" : "Huang",
  "assignedClinic" : 262,
  "shiftDays" : [ 2, 4 ]
}, {
  "id" : 884,
  "createdAt" : "2025-11-09T18:54:51.828388",
  "fname" : "Jing Qing",
  "lname" : "Ong",
  "assignedClinic" : 262,
  "shiftDays" : [ 5, 6, 7 ]
}, {
  "id" : 885,
  "createdAt" : "2025-11-09T18:54:51.931731",
  "fname" : "Xin Tian",
  "lname" : "Wang",
  "assignedClinic" : 262,
  "shiftDays" : [ 1, 3 ]
}, {
  "id" : 886,
  "createdAt" : "2025-11-09T18:54:52.025254",
  "fname" : "Isabella",
  "lname" : "Miller",
  "assignedClinic" : 263,
  "shiftDays" : [ 1, 2, 7 ]
}, {
  "id" : 887,
  "createdAt" : "2025-11-09T18:54:52.228714",
  "fname" : "Zheng Jie",
  "lname" : "Goh",
  "assignedClinic" : 263,
  "shiftDays" : [ 5, 6 ]
}, {
  "id" : 888,
  "createdAt" : "2025-11-09T18:54:52.30318",
  "fname" : "Gupta",
  "lname" : "Sharma",
  "assignedClinic" : 263,
  "shiftDays" : [ 3 ]
}, {
  "id" : 889,
  "createdAt" : "2025-11-09T18:54:52.366964",
  "fname" : "Rashida",
  "lname" : "Hassan",
  "assignedClinic" : 265,
  "shiftDays" : [ 4, 6, 7 ]
}, {
  "id" : 890,
  "createdAt" : "2025-11-09T18:54:52.413456",
  "fname" : "Lisa",
  "lname" : "Jones",
  "assignedClinic" : 265,
  "shiftDays" : [ 2, 3, 5 ]
}, {
  "id" : 891,
  "createdAt" : "2025-11-09T18:54:52.474731",
  "fname" : "Xin Tian",
  "lname" : "Tan",
  "assignedClinic" : 265,
  "shiftDays" : [ 1 ]
}, {
  "id" : 892,
  "createdAt" : "2025-11-09T18:54:52.516652",
  "fname" : "Nicholas",
  "lname" : "Martinez",
  "assignedClinic" : 274,
  "shiftDays" : [ 6 ]
}, {
  "id" : 893,
  "createdAt" : "2025-11-09T18:54:52.567956",
  "fname" : "Andrew",
  "lname" : "Miller",
  "assignedClinic" : 274,
  "shiftDays" : [ 1, 3, 7 ]
}, {
  "id" : 894,
  "createdAt" : "2025-11-09T18:54:52.612951",
  "fname" : "Soon Keong",
  "lname" : "Tan",
  "assignedClinic" : 274,
  "shiftDays" : [ 2, 4 ]
}, {
  "id" : 895,
  "createdAt" : "2025-11-09T18:54:52.674527",
  "fname" : "Olivia",
  "lname" : "Martinez",
  "assignedClinic" : 281,
  "shiftDays" : [ 4, 6 ]
}, {
  "id" : 896,
  "createdAt" : "2025-11-09T18:54:52.715127",
  "fname" : "Ibrahim",
  "lname" : "Omar",
  "assignedClinic" : 281,
  "shiftDays" : [ 2, 7 ]
}, {
  "id" : 897,
  "createdAt" : "2025-11-09T18:54:52.919797",
  "fname" : "Shanti",
  "lname" : "Sharma",
  "assignedClinic" : 281,
  "shiftDays" : [ 1, 3, 5 ]
}, {
  "id" : 898,
  "createdAt" : "2025-11-09T18:54:52.977498",
  "fname" : "Aziz",
  "lname" : "Rahman",
  "assignedClinic" : 296,
  "shiftDays" : [ 1, 3, 7 ]
}, {
  "id" : 899,
  "createdAt" : "2025-11-09T18:54:53.052622",
  "fname" : "Li Ming",
  "lname" : "Ong",
  "assignedClinic" : 296,
  "shiftDays" : [ 2, 5 ]
}, {
  "id" : 900,
  "createdAt" : "2025-11-09T18:54:53.10468",
  "fname" : "Aziz",
  "lname" : "Hassan",
  "assignedClinic" : 296,
  "shiftDays" : [ 4, 6 ]
}, {
  "id" : 901,
  "createdAt" : "2025-11-09T18:54:53.151395",
  "fname" : "Zheng Feng",
  "lname" : "Wang",
  "assignedClinic" : 299,
  "shiftDays" : [ 6 ]
}, {
  "id" : 902,
  "createdAt" : "2025-11-09T18:54:53.21144",
  "fname" : "Kavita",
  "lname" : "Patel",
  "assignedClinic" : 299,
  "shiftDays" : [ 1, 4 ]
}, {
  "id" : 903,
  "createdAt" : "2025-11-09T18:54:53.259535",
  "fname" : "Anita",
  "lname" : "Kumar",
  "assignedClinic" : 299,
  "shiftDays" : [ 3, 7 ]
}, {
  "id" : 904,
  "createdAt" : "2025-11-09T18:54:53.318219",
  "fname" : "Uma",
  "lname" : "Kumar",
  "assignedClinic" : 301,
  "shiftDays" : [ 2 ]
}, {
  "id" : 905,
  "createdAt" : "2025-11-09T18:54:53.3535",
  "fname" : "Singh",
  "lname" : "Mehta",
  "assignedClinic" : 301,
  "shiftDays" : [ 7 ]
}, {
  "id" : 906,
  "createdAt" : "2025-11-09T18:54:53.429535",
  "fname" : "Yan Yi",
  "lname" : "Zhou",
  "assignedClinic" : 301,
  "shiftDays" : [ 1, 5, 6 ]
}, {
  "id" : 907,
  "createdAt" : "2025-11-09T18:54:53.595703",
  "fname" : "Yuan Zhou",
  "lname" : "Tan",
  "assignedClinic" : 303,
  "shiftDays" : [ 7 ]
}, {
  "id" : 908,
  "createdAt" : "2025-11-09T18:54:53.654811",
  "fname" : "Yan Yi",
  "lname" : "Teo",
  "assignedClinic" : 303,
  "shiftDays" : [ 2 ]
}, {
  "id" : 909,
  "createdAt" : "2025-11-09T18:54:53.737926",
  "fname" : "Thomas",
  "lname" : "Jones",
  "assignedClinic" : 303,
  "shiftDays" : [ 6 ]
}, {
  "id" : 910,
  "createdAt" : "2025-11-09T18:54:53.800412",
  "fname" : "Rashid",
  "lname" : "Omar",
  "assignedClinic" : 310,
  "shiftDays" : [ 2 ]
}, {
  "id" : 911,
  "createdAt" : "2025-11-09T18:54:53.847839",
  "fname" : "Charles",
  "lname" : "Rodriguez",
  "assignedClinic" : 310,
  "shiftDays" : [ 3, 5, 7 ]
}, {
  "id" : 912,
  "createdAt" : "2025-11-09T18:54:53.889458",
  "fname" : "Kavita",
  "lname" : "Rao",
  "assignedClinic" : 310,
  "shiftDays" : [ 1, 4, 6 ]
}, {
  "id" : 913,
  "createdAt" : "2025-11-09T18:54:53.922488",
  "fname" : "Fatimah",
  "lname" : "Abdullah",
  "assignedClinic" : 313,
  "shiftDays" : [ 6 ]
}, {
  "id" : 914,
  "createdAt" : "2025-11-09T18:54:53.964614",
  "fname" : "Uma",
  "lname" : "Verma",
  "assignedClinic" : 313,
  "shiftDays" : [ 1, 2, 3 ]
}, {
  "id" : 915,
  "createdAt" : "2025-11-09T18:54:54.024593",
  "fname" : "Jie",
  "lname" : "Liu",
  "assignedClinic" : 313,
  "shiftDays" : [ 5 ]
}, {
  "id" : 916,
  "createdAt" : "2025-11-09T18:54:54.065144",
  "fname" : "Karen",
  "lname" : "Miller",
  "assignedClinic" : 314,
  "shiftDays" : [ 1, 3, 4 ]
}, {
  "id" : 917,
  "createdAt" : "2025-11-09T18:54:54.206028",
  "fname" : "Xin Yi",
  "lname" : "Ng",
  "assignedClinic" : 314,
  "shiftDays" : [ 2 ]
}, {
  "id" : 918,
  "createdAt" : "2025-11-09T18:54:54.249609",
  "fname" : "Hamzah",
  "lname" : "Abdullah",
  "assignedClinic" : 314,
  "shiftDays" : [ 7 ]
}, {
  "id" : 919,
  "createdAt" : "2025-11-09T18:54:54.316303",
  "fname" : "Patel",
  "lname" : "Nair",
  "assignedClinic" : 315,
  "shiftDays" : [ 2, 4, 5 ]
}, {
  "id" : 920,
  "createdAt" : "2025-11-09T18:54:54.357473",
  "fname" : "Joseph",
  "lname" : "Rodriguez",
  "assignedClinic" : 315,
  "shiftDays" : [ 6 ]
}, {
  "id" : 921,
  "createdAt" : "2025-11-09T18:54:54.429192",
  "fname" : "Farid",
  "lname" : "Zain",
  "assignedClinic" : 315,
  "shiftDays" : [ 1 ]
}, {
  "id" : 922,
  "createdAt" : "2025-11-09T18:54:54.469062",
  "fname" : "Nair",
  "lname" : "Kumar",
  "assignedClinic" : 317,
  "shiftDays" : [ 2, 7 ]
}, {
  "id" : 923,
  "createdAt" : "2025-11-09T18:54:54.509274",
  "fname" : "Charles",
  "lname" : "Martinez",
  "assignedClinic" : 317,
  "shiftDays" : [ 1, 4 ]
}, {
  "id" : 924,
  "createdAt" : "2025-11-09T18:54:54.559216",
  "fname" : "Christopher",
  "lname" : "Miller",
  "assignedClinic" : 317,
  "shiftDays" : [ 3 ]
}, {
  "id" : 925,
  "createdAt" : "2025-11-09T18:54:54.624181",
  "fname" : "Joseph",
  "lname" : "Martinez",
  "assignedClinic" : 323,
  "shiftDays" : [ 4, 5 ]
}, {
  "id" : 926,
  "createdAt" : "2025-11-09T18:54:54.685029",
  "fname" : "Timothy",
  "lname" : "Williams",
  "assignedClinic" : 323,
  "shiftDays" : [ 1, 6 ]
}, {
  "id" : 927,
  "createdAt" : "2025-11-09T18:54:54.832236",
  "fname" : "Hui Xin",
  "lname" : "Lim",
  "assignedClinic" : 323,
  "shiftDays" : [ 2, 3, 7 ]
}, {
  "id" : 928,
  "createdAt" : "2025-11-09T18:54:54.88817",
  "fname" : "Jessica",
  "lname" : "Brown",
  "assignedClinic" : 329,
  "shiftDays" : [ 4 ]
}, {
  "id" : 929,
  "createdAt" : "2025-11-09T18:54:54.922418",
  "fname" : "Soon Keong",
  "lname" : "Xu",
  "assignedClinic" : 329,
  "shiftDays" : [ 3 ]
}, {
  "id" : 930,
  "createdAt" : "2025-11-09T18:54:54.988654",
  "fname" : "Aziz",
  "lname" : "Ibrahim",
  "assignedClinic" : 329,
  "shiftDays" : [ 1, 2, 6 ]
}, {
  "id" : 931,
  "createdAt" : "2025-11-09T18:54:55.049889",
  "fname" : "Jie",
  "lname" : "Tan",
  "assignedClinic" : 331,
  "shiftDays" : [ 5, 7 ]
}, {
  "id" : 932,
  "createdAt" : "2025-11-09T18:54:55.104512",
  "fname" : "Aziz",
  "lname" : "Faisal",
  "assignedClinic" : 331,
  "shiftDays" : [ 2, 6 ]
}, {
  "id" : 933,
  "createdAt" : "2025-11-09T18:54:55.169467",
  "fname" : "Emma",
  "lname" : "Johnson",
  "assignedClinic" : 331,
  "shiftDays" : [ 1 ]
}, {
  "id" : 934,
  "createdAt" : "2025-11-09T18:54:55.214598",
  "fname" : "Hassan",
  "lname" : "Ibrahim",
  "assignedClinic" : 332,
  "shiftDays" : [ 1, 5 ]
}, {
  "id" : 935,
  "createdAt" : "2025-11-09T18:54:55.281802",
  "fname" : "Amanda",
  "lname" : "Davis",
  "assignedClinic" : 332,
  "shiftDays" : [ 2, 4 ]
}, {
  "id" : 936,
  "createdAt" : "2025-11-09T18:54:55.342331",
  "fname" : "Faisal",
  "lname" : "Hassan",
  "assignedClinic" : 332,
  "shiftDays" : [ 3, 6, 7 ]
}, {
  "id" : 937,
  "createdAt" : "2025-11-09T18:54:55.512047",
  "fname" : "William",
  "lname" : "Davis",
  "assignedClinic" : 333,
  "shiftDays" : [ 5 ]
}, {
  "id" : 938,
  "createdAt" : "2025-11-09T18:54:55.566974",
  "fname" : "Rachel",
  "lname" : "Johnson",
  "assignedClinic" : 333,
  "shiftDays" : [ 3, 4, 6 ]
}, {
  "id" : 939,
  "createdAt" : "2025-11-09T18:54:55.635446",
  "fname" : "Nair",
  "lname" : "Reddy",
  "assignedClinic" : 333,
  "shiftDays" : [ 1 ]
}, {
  "id" : 940,
  "createdAt" : "2025-11-09T18:54:55.697167",
  "fname" : "Gupta",
  "lname" : "Kumar",
  "assignedClinic" : 336,
  "shiftDays" : [ 2, 3 ]
}, {
  "id" : 941,
  "createdAt" : "2025-11-09T18:54:55.759162",
  "fname" : "Rashida",
  "lname" : "Zain",
  "assignedClinic" : 336,
  "shiftDays" : [ 4, 5 ]
}, {
  "id" : 942,
  "createdAt" : "2025-11-09T18:54:55.825663",
  "fname" : "Omar",
  "lname" : "Hassan",
  "assignedClinic" : 336,
  "shiftDays" : [ 6, 7 ]
}, {
  "id" : 943,
  "createdAt" : "2025-11-09T18:54:55.873119",
  "fname" : "Hannah",
  "lname" : "Brown",
  "assignedClinic" : 350,
  "shiftDays" : [ 2, 5 ]
}, {
  "id" : 944,
  "createdAt" : "2025-11-09T18:54:55.919645",
  "fname" : "Gupta",
  "lname" : "Sharma",
  "assignedClinic" : 350,
  "shiftDays" : [ 1, 4, 7 ]
}, {
  "id" : 945,
  "createdAt" : "2025-11-09T18:54:55.999267",
  "fname" : "Ibrahim",
  "lname" : "Faisal",
  "assignedClinic" : 350,
  "shiftDays" : [ 3, 6 ]
}, {
  "id" : 946,
  "createdAt" : "2025-11-09T18:54:56.055597",
  "fname" : "Zheng Jie",
  "lname" : "Yang",
  "assignedClinic" : 357,
  "shiftDays" : [ 1 ]
}, {
  "id" : 947,
  "createdAt" : "2025-11-09T18:54:56.213645",
  "fname" : "Nur",
  "lname" : "Faisal",
  "assignedClinic" : 357,
  "shiftDays" : [ 2, 3, 6 ]
}, {
  "id" : 948,
  "createdAt" : "2025-11-09T18:54:56.274048",
  "fname" : "Hannah",
  "lname" : "Williams",
  "assignedClinic" : 357,
  "shiftDays" : [ 4, 5, 7 ]
}, {
  "id" : 949,
  "createdAt" : "2025-11-09T18:54:56.354732",
  "fname" : "Anita",
  "lname" : "Patel",
  "assignedClinic" : 363,
  "shiftDays" : [ 1 ]
}, {
  "id" : 950,
  "createdAt" : "2025-11-09T18:54:56.39588",
  "fname" : "Siti",
  "lname" : "Faisal",
  "assignedClinic" : 363,
  "shiftDays" : [ 3, 5, 6 ]
}, {
  "id" : 951,
  "createdAt" : "2025-11-09T18:54:56.443428",
  "fname" : "Chin Hock",
  "lname" : "Yang",
  "assignedClinic" : 363,
  "shiftDays" : [ 2 ]
}, {
  "id" : 952,
  "createdAt" : "2025-11-09T18:54:56.516728",
  "fname" : "Mohammad",
  "lname" : "Zain",
  "assignedClinic" : 380,
  "shiftDays" : [ 1, 3 ]
}, {
  "id" : 953,
  "createdAt" : "2025-11-09T18:54:56.561556",
  "fname" : "Hakim",
  "lname" : "Rahman",
  "assignedClinic" : 380,
  "shiftDays" : [ 5, 6, 7 ]
}, {
  "id" : 954,
  "createdAt" : "2025-11-09T18:54:56.605674",
  "fname" : "Sharma",
  "lname" : "Singh",
  "assignedClinic" : 380,
  "shiftDays" : [ 2, 4 ]
}, {
  "id" : 955,
  "createdAt" : "2025-11-09T18:54:56.646395",
  "fname" : "Verma",
  "lname" : "Sharma",
  "assignedClinic" : 387,
  "shiftDays" : [ 1, 2, 3 ]
}, {
  "id" : 956,
  "createdAt" : "2025-11-09T18:54:56.694152",
  "fname" : "Liang Tian",
  "lname" : "Koh",
  "assignedClinic" : 387,
  "shiftDays" : [ 4, 5, 7 ]
}, {
  "id" : 957,
  "createdAt" : "2025-11-09T18:54:56.843265",
  "fname" : "James",
  "lname" : "Smith",
  "assignedClinic" : 387,
  "shiftDays" : [ 6 ]
}, {
  "id" : 958,
  "createdAt" : "2025-11-09T18:54:56.918506",
  "fname" : "Kai",
  "lname" : "Liu",
  "assignedClinic" : 393,
  "shiftDays" : [ 3, 5 ]
}, {
  "id" : 959,
  "createdAt" : "2025-11-09T18:54:56.953245",
  "fname" : "Uma",
  "lname" : "Singh",
  "assignedClinic" : 393,
  "shiftDays" : [ 4, 7 ]
}, {
  "id" : 960,
  "createdAt" : "2025-11-09T18:54:57.024786",
  "fname" : "Reddy",
  "lname" : "Gupta",
  "assignedClinic" : 393,
  "shiftDays" : [ 2 ]
}, {
  "id" : 961,
  "createdAt" : "2025-11-09T18:54:57.086633",
  "fname" : "Christina",
  "lname" : "Smith",
  "assignedClinic" : 396,
  "shiftDays" : [ 3, 4 ]
}, {
  "id" : 962,
  "createdAt" : "2025-11-09T18:54:57.126113",
  "fname" : "John",
  "lname" : "Williams",
  "assignedClinic" : 396,
  "shiftDays" : [ 2, 7 ]
}, {
  "id" : 963,
  "createdAt" : "2025-11-09T18:54:57.193797",
  "fname" : "Kavita",
  "lname" : "Gupta",
  "assignedClinic" : 396,
  "shiftDays" : [ 1, 5, 6 ]
}, {
  "id" : 964,
  "createdAt" : "2025-11-09T18:54:57.240511",
  "fname" : "Christina",
  "lname" : "Garcia",
  "assignedClinic" : 397,
  "shiftDays" : [ 3, 4, 7 ]
}, {
  "id" : 965,
  "createdAt" : "2025-11-09T18:54:57.278552",
  "fname" : "Kevin",
  "lname" : "Williams",
  "assignedClinic" : 397,
  "shiftDays" : [ 1, 6 ]
}, {
  "id" : 966,
  "createdAt" : "2025-11-09T18:54:57.323347",
  "fname" : "Hamzah",
  "lname" : "Hassan",
  "assignedClinic" : 397,
  "shiftDays" : [ 2, 5 ]
}, {
  "id" : 967,
  "createdAt" : "2025-11-09T18:54:57.46447",
  "fname" : "Hakim",
  "lname" : "Malik",
  "assignedClinic" : 409,
  "shiftDays" : [ 1, 5, 7 ]
}, {
  "id" : 968,
  "createdAt" : "2025-11-09T18:54:57.534646",
  "fname" : "Sophia",
  "lname" : "Johnson",
  "assignedClinic" : 409,
  "shiftDays" : [ 4 ]
}, {
  "id" : 969,
  "createdAt" : "2025-11-09T18:54:57.593113",
  "fname" : "Shanti",
  "lname" : "Patel",
  "assignedClinic" : 409,
  "shiftDays" : [ 2, 3 ]
}, {
  "id" : 970,
  "createdAt" : "2025-11-09T18:54:57.64956",
  "fname" : "Tian Hong",
  "lname" : "Li",
  "assignedClinic" : 411,
  "shiftDays" : [ 7 ]
}, {
  "id" : 971,
  "createdAt" : "2025-11-09T18:54:57.688049",
  "fname" : "Nur",
  "lname" : "Hassan",
  "assignedClinic" : 411,
  "shiftDays" : [ 1, 4 ]
}, {
  "id" : 972,
  "createdAt" : "2025-11-09T18:54:57.728858",
  "fname" : "Sarah",
  "lname" : "Williams",
  "assignedClinic" : 411,
  "shiftDays" : [ 2 ]
}, {
  "id" : 973,
  "createdAt" : "2025-11-09T18:54:57.772845",
  "fname" : "Kavita",
  "lname" : "Kumar",
  "assignedClinic" : 416,
  "shiftDays" : [ 3 ]
}, {
  "id" : 974,
  "createdAt" : "2025-11-09T18:54:57.832258",
  "fname" : "Meera",
  "lname" : "Gupta",
  "assignedClinic" : 416,
  "shiftDays" : [ 4, 5 ]
}, {
  "id" : 975,
  "createdAt" : "2025-11-09T18:54:57.889076",
  "fname" : "Alexander",
  "lname" : "Brown",
  "assignedClinic" : 416,
  "shiftDays" : [ 2, 7 ]
}, {
  "id" : 976,
  "createdAt" : "2025-11-09T18:54:57.957185",
  "fname" : "Daniel",
  "lname" : "Davis",
  "assignedClinic" : 425,
  "shiftDays" : [ 2, 3, 7 ]
}, {
  "id" : 977,
  "createdAt" : "2025-11-09T18:54:58.115328",
  "fname" : "Angela",
  "lname" : "Miller",
  "assignedClinic" : 425,
  "shiftDays" : [ 1, 4, 5 ]
}, {
  "id" : 978,
  "createdAt" : "2025-11-09T18:54:58.160337",
  "fname" : "Nazir",
  "lname" : "Omar",
  "assignedClinic" : 425,
  "shiftDays" : [ 6 ]
}, {
  "id" : 979,
  "createdAt" : "2025-11-09T18:54:58.204264",
  "fname" : "Qing Tao",
  "lname" : "Zhou",
  "assignedClinic" : 429,
  "shiftDays" : [ 1, 2, 4 ]
}, {
  "id" : 980,
  "createdAt" : "2025-11-09T18:54:58.252863",
  "fname" : "Hamzah",
  "lname" : "Ibrahim",
  "assignedClinic" : 429,
  "shiftDays" : [ 6, 7 ]
}, {
  "id" : 981,
  "createdAt" : "2025-11-09T18:54:58.301579",
  "fname" : "Steven",
  "lname" : "Smith",
  "assignedClinic" : 429,
  "shiftDays" : [ 3, 5 ]
}, {
  "id" : 982,
  "createdAt" : "2025-11-09T18:54:58.354879",
  "fname" : "Soon Tat",
  "lname" : "Tan",
  "assignedClinic" : 431,
  "shiftDays" : [ 3, 6 ]
}, {
  "id" : 983,
  "createdAt" : "2025-11-09T18:54:58.404902",
  "fname" : "Ahmad",
  "lname" : "Yusuf",
  "assignedClinic" : 431,
  "shiftDays" : [ 2, 5, 7 ]
}, {
  "id" : 984,
  "createdAt" : "2025-11-09T18:54:58.449112",
  "fname" : "Nur",
  "lname" : "Ali",
  "assignedClinic" : 431,
  "shiftDays" : [ 1, 4 ]
}, {
  "id" : 985,
  "createdAt" : "2025-11-09T18:54:58.502963",
  "fname" : "Rahman",
  "lname" : "Omar",
  "assignedClinic" : 446,
  "shiftDays" : [ 4 ]
}, {
  "id" : 986,
  "createdAt" : "2025-11-09T18:54:58.549654",
  "fname" : "Isabella",
  "lname" : "Brown",
  "assignedClinic" : 446,
  "shiftDays" : [ 5 ]
}, {
  "id" : 987,
  "createdAt" : "2025-11-09T18:54:58.758916",
  "fname" : "Ahmad",
  "lname" : "Yusuf",
  "assignedClinic" : 446,
  "shiftDays" : [ 2, 3, 6 ]
}, {
  "id" : 988,
  "createdAt" : "2025-11-09T18:54:58.881518",
  "fname" : "Michelle",
  "lname" : "Brown",
  "assignedClinic" : 447,
  "shiftDays" : [ 2, 5 ]
}, {
  "id" : 989,
  "createdAt" : "2025-11-09T18:54:58.991154",
  "fname" : "Kumar",
  "lname" : "Gupta",
  "assignedClinic" : 447,
  "shiftDays" : [ 1, 4, 7 ]
}, {
  "id" : 990,
  "createdAt" : "2025-11-09T18:54:59.056438",
  "fname" : "Reddy",
  "lname" : "Nair",
  "assignedClinic" : 447,
  "shiftDays" : [ 3, 6 ]
}, {
  "id" : 991,
  "createdAt" : "2025-11-09T18:54:59.105964",
  "fname" : "William",
  "lname" : "Johnson",
  "assignedClinic" : 449,
  "shiftDays" : [ 6 ]
}, {
  "id" : 992,
  "createdAt" : "2025-11-09T18:54:59.242096",
  "fname" : "Alexander",
  "lname" : "Miller",
  "assignedClinic" : 449,
  "shiftDays" : [ 2, 5, 7 ]
}, {
  "id" : 993,
  "createdAt" : "2025-11-09T18:54:59.289122",
  "fname" : "Ryan",
  "lname" : "Brown",
  "assignedClinic" : 449,
  "shiftDays" : [ 3, 4 ]
}, {
  "id" : 994,
  "createdAt" : "2025-11-09T18:54:59.344444",
  "fname" : "Verma",
  "lname" : "Gupta",
  "assignedClinic" : 451,
  "shiftDays" : [ 2 ]
}, {
  "id" : 995,
  "createdAt" : "2025-11-09T18:54:59.39534",
  "fname" : "Steven",
  "lname" : "Davis",
  "assignedClinic" : 451,
  "shiftDays" : [ 3 ]
}, {
  "id" : 996,
  "createdAt" : "2025-11-09T18:54:59.440048",
  "fname" : "Farid",
  "lname" : "Ibrahim",
  "assignedClinic" : 451,
  "shiftDays" : [ 4, 5, 7 ]
}, {
  "id" : 997,
  "createdAt" : "2025-11-09T18:54:59.58953",
  "fname" : "Faisal",
  "lname" : "Hassan",
  "assignedClinic" : 452,
  "shiftDays" : [ 7 ]
}, {
  "id" : 998,
  "createdAt" : "2025-11-09T18:54:59.645799",
  "fname" : "Grace",
  "lname" : "Davis",
  "assignedClinic" : 452,
  "shiftDays" : [ 3, 5, 6 ]
}, {
  "id" : 999,
  "createdAt" : "2025-11-09T18:54:59.692247",
  "fname" : "Aziz",
  "lname" : "Malik",
  "assignedClinic" : 452,
  "shiftDays" : [ 1, 2, 4 ]
}, {
  "id" : 1000,
  "createdAt" : "2025-11-09T18:54:59.734206",
  "fname" : "Ibrahim",
  "lname" : "Malik",
  "assignedClinic" : 460,
  "shiftDays" : [ 1 ]
}, {
  "id" : 1001,
  "createdAt" : "2025-11-09T18:54:59.779",
  "fname" : "Timothy",
  "lname" : "Jones",
  "assignedClinic" : 460,
  "shiftDays" : [ 3 ]
}, {
  "id" : 1002,
  "createdAt" : "2025-11-09T18:54:59.82047",
  "fname" : "Lisa",
  "lname" : "Johnson",
  "assignedClinic" : 460,
  "shiftDays" : [ 5 ]
}, {
  "id" : 1003,
  "createdAt" : "2025-11-09T18:54:59.884485",
  "fname" : "Amina",
  "lname" : "Yusuf",
  "assignedClinic" : 466,
  "shiftDays" : [ 5, 6, 7 ]
}, {
  "id" : 1004,
  "createdAt" : "2025-11-09T18:54:59.947736",
  "fname" : "Ahmad",
  "lname" : "Rahman",
  "assignedClinic" : 466,
  "shiftDays" : [ 3 ]
}, {
  "id" : 1005,
  "createdAt" : "2025-11-09T18:54:59.999657",
  "fname" : "Jing Qing",
  "lname" : "Chua",
  "assignedClinic" : 466,
  "shiftDays" : [ 1, 2, 4 ]
}, {
  "id" : 1006,
  "createdAt" : "2025-11-09T18:55:00.039357",
  "fname" : "Raj",
  "lname" : "Mehta",
  "assignedClinic" : 471,
  "shiftDays" : [ 5, 7 ]
}, {
  "id" : 1007,
  "createdAt" : "2025-11-09T18:55:00.190261",
  "fname" : "Zheng Feng",
  "lname" : "Chua",
  "assignedClinic" : 471,
  "shiftDays" : [ 2, 6 ]
}, {
  "id" : 1008,
  "createdAt" : "2025-11-09T18:55:00.252332",
  "fname" : "Yasmin",
  "lname" : "Sharma",
  "assignedClinic" : 471,
  "shiftDays" : [ 1, 4 ]
}, {
  "id" : 1009,
  "createdAt" : "2025-11-09T18:55:00.290884",
  "fname" : "Zheng Jie",
  "lname" : "Yang",
  "assignedClinic" : 476,
  "shiftDays" : [ 1, 4, 6 ]
}, {
  "id" : 1010,
  "createdAt" : "2025-11-09T18:55:00.32634",
  "fname" : "Alexander",
  "lname" : "Williams",
  "assignedClinic" : 476,
  "shiftDays" : [ 2, 3, 7 ]
}, {
  "id" : 1167,
  "createdAt" : "2025-11-09T18:55:10.727681",
  "fname" : "Jun Wei",
  "lname" : "Huang",
  "assignedClinic" : 1064,
  "shiftDays" : [ 1, 2, 7 ]
}, {
  "id" : 1168,
  "createdAt" : "2025-11-09T18:55:10.770012",
  "fname" : "Soon Tat",
  "lname" : "Goh",
  "assignedClinic" : 1073,
  "shiftDays" : [ 2 ]
}, {
  "id" : 1169,
  "createdAt" : "2025-11-09T18:55:10.832165",
  "fname" : "Khalil",
  "lname" : "Malik",
  "assignedClinic" : 1073,
  "shiftDays" : [ 3 ]
}, {
  "id" : 1170,
  "createdAt" : "2025-11-09T18:55:10.875766",
  "fname" : "Yan Yi",
  "lname" : "Zhang",
  "assignedClinic" : 1073,
  "shiftDays" : [ 6 ]
}, {
  "id" : 1171,
  "createdAt" : "2025-11-09T18:55:10.961768",
  "fname" : "Zain",
  "lname" : "Malik",
  "assignedClinic" : 1087,
  "shiftDays" : [ 2 ]
}, {
  "id" : 1172,
  "createdAt" : "2025-11-09T18:55:10.996799",
  "fname" : "Vidya",
  "lname" : "Verma",
  "assignedClinic" : 1087,
  "shiftDays" : [ 3, 4, 7 ]
}, {
  "id" : 1173,
  "createdAt" : "2025-11-09T18:55:11.043167",
  "fname" : "Nazir",
  "lname" : "Hassan",
  "assignedClinic" : 1087,
  "shiftDays" : [ 1, 5, 6 ]
}, {
  "id" : 1174,
  "createdAt" : "2025-11-09T18:55:11.117419",
  "fname" : "Christina",
  "lname" : "Martinez",
  "assignedClinic" : 1095,
  "shiftDays" : [ 1, 7 ]
}, {
  "id" : 1175,
  "createdAt" : "2025-11-09T18:55:11.180387",
  "fname" : "Verma",
  "lname" : "Rao",
  "assignedClinic" : 1095,
  "shiftDays" : [ 2, 3, 6 ]
}, {
  "id" : 1176,
  "createdAt" : "2025-11-09T18:55:11.258446",
  "fname" : "Samantha",
  "lname" : "Williams",
  "assignedClinic" : 1095,
  "shiftDays" : [ 4 ]
}, {
  "id" : 1177,
  "createdAt" : "2025-11-09T18:55:11.454367",
  "fname" : "Yusuf",
  "lname" : "Faisal",
  "assignedClinic" : 1117,
  "shiftDays" : [ 2, 4, 6 ]
}, {
  "id" : 1178,
  "createdAt" : "2025-11-09T18:55:11.527528",
  "fname" : "John",
  "lname" : "Johnson",
  "assignedClinic" : 1117,
  "shiftDays" : [ 1, 5 ]
}, {
  "id" : 1179,
  "createdAt" : "2025-11-09T18:55:11.605541",
  "fname" : "Khalil",
  "lname" : "Ali",
  "assignedClinic" : 1117,
  "shiftDays" : [ 3, 7 ]
}, {
  "id" : 1180,
  "createdAt" : "2025-11-09T18:55:11.684712",
  "fname" : "Siti",
  "lname" : "Zain",
  "assignedClinic" : 1129,
  "shiftDays" : [ 3, 5, 6 ]
}, {
  "id" : 1181,
  "createdAt" : "2025-11-09T18:55:11.76353",
  "fname" : "Hassan",
  "lname" : "Rahman",
  "assignedClinic" : 1129,
  "shiftDays" : [ 7 ]
}, {
  "id" : 1182,
  "createdAt" : "2025-11-09T18:55:11.825396",
  "fname" : "Mehta",
  "lname" : "Patel",
  "assignedClinic" : 1129,
  "shiftDays" : [ 1, 4 ]
}, {
  "id" : 1183,
  "createdAt" : "2025-11-09T18:55:11.882211",
  "fname" : "Hassan",
  "lname" : "Rahman",
  "assignedClinic" : 1150,
  "shiftDays" : [ 2, 7 ]
}, {
  "id" : 1184,
  "createdAt" : "2025-11-09T18:55:11.925693",
  "fname" : "Mohammad",
  "lname" : "Ali",
  "assignedClinic" : 1150,
  "shiftDays" : [ 1, 3 ]
}, {
  "id" : 1185,
  "createdAt" : "2025-11-09T18:55:11.969434",
  "fname" : "Brandon",
  "lname" : "Miller",
  "assignedClinic" : 1150,
  "shiftDays" : [ 5, 6 ]
}, {
  "id" : 1186,
  "createdAt" : "2025-11-09T18:55:12.049991",
  "fname" : "Soon Tat",
  "lname" : "Koh",
  "assignedClinic" : 1167,
  "shiftDays" : [ 3 ]
}, {
  "id" : 1187,
  "createdAt" : "2025-11-09T18:55:12.220917",
  "fname" : "Rashida",
  "lname" : "Ibrahim",
  "assignedClinic" : 1167,
  "shiftDays" : [ 2, 4 ]
}, {
  "id" : 1188,
  "createdAt" : "2025-11-09T18:55:12.572769",
  "fname" : "Ming En",
  "lname" : "Chen",
  "assignedClinic" : 1167,
  "shiftDays" : [ 1, 5, 6 ]
}, {
  "id" : 1189,
  "createdAt" : "2025-11-09T18:55:12.709514",
  "fname" : "Hui Xin",
  "lname" : "Chua",
  "assignedClinic" : 1170,
  "shiftDays" : [ 1, 2, 4 ]
}, {
  "id" : 1190,
  "createdAt" : "2025-11-09T18:55:12.766668",
  "fname" : "Gupta",
  "lname" : "Sharma",
  "assignedClinic" : 1170,
  "shiftDays" : [ 5 ]
}, {
  "id" : 1191,
  "createdAt" : "2025-11-09T18:55:12.844249",
  "fname" : "Nair",
  "lname" : "Sharma",
  "assignedClinic" : 1170,
  "shiftDays" : [ 3, 7 ]
}, {
  "id" : 1192,
  "createdAt" : "2025-11-09T18:55:12.917284",
  "fname" : "Nur",
  "lname" : "Rahman",
  "assignedClinic" : 1184,
  "shiftDays" : [ 3, 4, 5 ]
}, {
  "id" : 1193,
  "createdAt" : "2025-11-09T18:55:13.06022",
  "fname" : "Karen",
  "lname" : "Jones",
  "assignedClinic" : 1184,
  "shiftDays" : [ 1 ]
}, {
  "id" : 1194,
  "createdAt" : "2025-11-09T18:55:13.121083",
  "fname" : "Brian",
  "lname" : "Miller",
  "assignedClinic" : 1184,
  "shiftDays" : [ 2 ]
}, {
  "id" : 1195,
  "createdAt" : "2025-11-09T18:55:13.179403",
  "fname" : "Amina",
  "lname" : "Ali",
  "assignedClinic" : 1197,
  "shiftDays" : [ 2, 3 ]
}, {
  "id" : 1196,
  "createdAt" : "2025-11-09T18:55:13.29595",
  "fname" : "Kai",
  "lname" : "Zhou",
  "assignedClinic" : 1197,
  "shiftDays" : [ 5, 6, 7 ]
}, {
  "id" : 1197,
  "createdAt" : "2025-11-09T18:55:13.457883",
  "fname" : "Tao Yuan",
  "lname" : "Wang",
  "assignedClinic" : 1197,
  "shiftDays" : [ 1, 4 ]
}, {
  "id" : 1198,
  "createdAt" : "2025-11-09T18:55:13.522308",
  "fname" : "Ali",
  "lname" : "Faisal",
  "assignedClinic" : 1203,
  "shiftDays" : [ 3, 7 ]
}, {
  "id" : 1199,
  "createdAt" : "2025-11-09T18:55:13.589628",
  "fname" : "Paul",
  "lname" : "Martinez",
  "assignedClinic" : 1203,
  "shiftDays" : [ 1 ]
}, {
  "id" : 1200,
  "createdAt" : "2025-11-09T18:55:13.704884",
  "fname" : "Rebecca",
  "lname" : "Garcia",
  "assignedClinic" : 1203,
  "shiftDays" : [ 2, 4 ]
}, {
  "id" : 1201,
  "createdAt" : "2025-11-09T18:55:13.766646",
  "fname" : "Neha",
  "lname" : "Rao",
  "assignedClinic" : 1231,
  "shiftDays" : [ 3 ]
}, {
  "id" : 1202,
  "createdAt" : "2025-11-09T18:55:13.812481",
  "fname" : "Jing Qing",
  "lname" : "Zhang",
  "assignedClinic" : 1231,
  "shiftDays" : [ 6 ]
}, {
  "id" : 1203,
  "createdAt" : "2025-11-09T18:55:13.878078",
  "fname" : "Isabella",
  "lname" : "Garcia",
  "assignedClinic" : 1231,
  "shiftDays" : [ 1, 4, 7 ]
}, {
  "id" : 1204,
  "createdAt" : "2025-11-09T18:55:13.945676",
  "fname" : "Ryan",
  "lname" : "Davis",
  "assignedClinic" : 1234,
  "shiftDays" : [ 3, 4 ]
}, {
  "id" : 1205,
  "createdAt" : "2025-11-09T18:55:14.015897",
  "fname" : "Raj",
  "lname" : "Mehta",
  "assignedClinic" : 1234,
  "shiftDays" : [ 2 ]
}, {
  "id" : 1206,
  "createdAt" : "2025-11-09T18:55:14.072465",
  "fname" : "Jie",
  "lname" : "Liu",
  "assignedClinic" : 1234,
  "shiftDays" : [ 5 ]
}, {
  "id" : 1207,
  "createdAt" : "2025-11-09T18:55:14.221958",
  "fname" : "Gupta",
  "lname" : "Gupta",
  "assignedClinic" : 1238,
  "shiftDays" : [ 3, 6 ]
}, {
  "id" : 1208,
  "createdAt" : "2025-11-09T18:55:14.27473",
  "fname" : "Rahman",
  "lname" : "Yusuf",
  "assignedClinic" : 1238,
  "shiftDays" : [ 1 ]
}, {
  "id" : 1209,
  "createdAt" : "2025-11-09T18:55:14.345721",
  "fname" : "Rizwan",
  "lname" : "Malik",
  "assignedClinic" : 1238,
  "shiftDays" : [ 5 ]
}, {
  "id" : 1210,
  "createdAt" : "2025-11-09T18:55:14.458302",
  "fname" : "Madison",
  "lname" : "Garcia",
  "assignedClinic" : 1250,
  "shiftDays" : [ 2, 4, 6 ]
}, {
  "id" : 1211,
  "createdAt" : "2025-11-09T18:55:14.584031",
  "fname" : "Raj",
  "lname" : "Rao",
  "assignedClinic" : 1250,
  "shiftDays" : [ 1 ]
}, {
  "id" : 1212,
  "createdAt" : "2025-11-09T18:55:14.66205",
  "fname" : "Mehta",
  "lname" : "Singh",
  "assignedClinic" : 1250,
  "shiftDays" : [ 5, 7 ]
}, {
  "id" : 1213,
  "createdAt" : "2025-11-09T18:55:14.751347",
  "fname" : "Neha",
  "lname" : "Nair",
  "assignedClinic" : 1254,
  "shiftDays" : [ 2, 5, 6 ]
}, {
  "id" : 1214,
  "createdAt" : "2025-11-09T18:55:14.813852",
  "fname" : "Rizwan",
  "lname" : "Ibrahim",
  "assignedClinic" : 1254,
  "shiftDays" : [ 1, 4 ]
}, {
  "id" : 1215,
  "createdAt" : "2025-11-09T18:55:14.858871",
  "fname" : "Natalie",
  "lname" : "Davis",
  "assignedClinic" : 1254,
  "shiftDays" : [ 7 ]
}, {
  "id" : 1216,
  "createdAt" : "2025-11-09T18:55:14.96427",
  "fname" : "Michelle",
  "lname" : "Martinez",
  "assignedClinic" : 1266,
  "shiftDays" : [ 1, 3 ]
}, {
  "id" : 1217,
  "createdAt" : "2025-11-09T18:55:15.125412",
  "fname" : "Matthew",
  "lname" : "Rodriguez",
  "assignedClinic" : 1266,
  "shiftDays" : [ 2, 6, 7 ]
}, {
  "id" : 1218,
  "createdAt" : "2025-11-09T18:55:15.193918",
  "fname" : "Neha",
  "lname" : "Rao",
  "assignedClinic" : 1266,
  "shiftDays" : [ 5 ]
}, {
  "id" : 1219,
  "createdAt" : "2025-11-09T18:55:15.24433",
  "fname" : "Madison",
  "lname" : "Brown",
  "assignedClinic" : 1274,
  "shiftDays" : [ 2 ]
}, {
  "id" : 1220,
  "createdAt" : "2025-11-09T18:55:15.317918",
  "fname" : "Tian Hong",
  "lname" : "Zhou",
  "assignedClinic" : 1274,
  "shiftDays" : [ 5 ]
}, {
  "id" : 1221,
  "createdAt" : "2025-11-09T18:55:15.377005",
  "fname" : "Melissa",
  "lname" : "Jones",
  "assignedClinic" : 1274,
  "shiftDays" : [ 1, 7 ]
}, {
  "id" : 1222,
  "createdAt" : "2025-11-09T18:55:15.547262",
  "fname" : "Zheng Jie",
  "lname" : "Wu",
  "assignedClinic" : 1284,
  "shiftDays" : [ 4, 5, 6 ]
}, {
  "id" : 1223,
  "createdAt" : "2025-11-09T18:55:15.624968",
  "fname" : "Khalil",
  "lname" : "Yusuf",
  "assignedClinic" : 1284,
  "shiftDays" : [ 7 ]
}, {
  "id" : 1224,
  "createdAt" : "2025-11-09T18:55:15.681045",
  "fname" : "Natalie",
  "lname" : "Rodriguez",
  "assignedClinic" : 1284,
  "shiftDays" : [ 1, 2, 3 ]
}, {
  "id" : 1225,
  "createdAt" : "2025-11-09T18:55:15.722325",
  "fname" : "Amy",
  "lname" : "Martinez",
  "assignedClinic" : 1294,
  "shiftDays" : [ 6, 7 ]
}, {
  "id" : 1226,
  "createdAt" : "2025-11-09T18:55:15.781002",
  "fname" : "Ahmad",
  "lname" : "Hassan",
  "assignedClinic" : 1294,
  "shiftDays" : [ 2, 4 ]
}, {
  "id" : 1227,
  "createdAt" : "2025-11-09T18:55:15.92785",
  "fname" : "Chee Yong",
  "lname" : "Wong",
  "assignedClinic" : 1294,
  "shiftDays" : [ 1, 5 ]
}, {
  "id" : 1228,
  "createdAt" : "2025-11-09T18:55:16.046071",
  "fname" : "Nazir",
  "lname" : "Faisal",
  "assignedClinic" : 1312,
  "shiftDays" : [ 3 ]
}, {
  "id" : 1229,
  "createdAt" : "2025-11-09T18:55:16.115593",
  "fname" : "Uma",
  "lname" : "Sharma",
  "assignedClinic" : 1312,
  "shiftDays" : [ 1, 4, 5 ]
}, {
  "id" : 1230,
  "createdAt" : "2025-11-09T18:55:16.15024",
  "fname" : "Emma",
  "lname" : "Johnson",
  "assignedClinic" : 1312,
  "shiftDays" : [ 2 ]
}, {
  "id" : 1231,
  "createdAt" : "2025-11-09T18:55:16.19759",
  "fname" : "Kevin",
  "lname" : "Jones",
  "assignedClinic" : 1315,
  "shiftDays" : [ 5, 7 ]
}, {
  "id" : 1232,
  "createdAt" : "2025-11-09T18:55:16.244989",
  "fname" : "Kai",
  "lname" : "Wong",
  "assignedClinic" : 1315,
  "shiftDays" : [ 1, 3, 4 ]
}, {
  "id" : 1233,
  "createdAt" : "2025-11-09T18:55:16.287687",
  "fname" : "Faisal",
  "lname" : "Abdullah",
  "assignedClinic" : 1315,
  "shiftDays" : [ 2, 6 ]
}, {
  "id" : 1234,
  "createdAt" : "2025-11-09T18:55:16.329898",
  "fname" : "Layla",
  "lname" : "Omar",
  "assignedClinic" : 1316,
  "shiftDays" : [ 1, 6, 7 ]
}, {
  "id" : 1235,
  "createdAt" : "2025-11-09T18:55:16.370058",
  "fname" : "Priya",
  "lname" : "Patel",
  "assignedClinic" : 1316,
  "shiftDays" : [ 3 ]
}, {
  "id" : 1236,
  "createdAt" : "2025-11-09T18:55:16.431251",
  "fname" : "Soon Keong",
  "lname" : "Lee",
  "assignedClinic" : 1316,
  "shiftDays" : [ 4 ]
}, {
  "id" : 1237,
  "createdAt" : "2025-11-09T18:55:16.607634",
  "fname" : "Paul",
  "lname" : "Jones",
  "assignedClinic" : 1318,
  "shiftDays" : [ 7 ]
}, {
  "id" : 1238,
  "createdAt" : "2025-11-09T18:55:16.65123",
  "fname" : "Chee Yong",
  "lname" : "Ng",
  "assignedClinic" : 1318,
  "shiftDays" : [ 1 ]
}, {
  "id" : 1239,
  "createdAt" : "2025-11-09T18:55:16.709673",
  "fname" : "Zheng Jie",
  "lname" : "Liu",
  "assignedClinic" : 1318,
  "shiftDays" : [ 2 ]
}, {
  "id" : 1240,
  "createdAt" : "2025-11-09T18:55:16.77103",
  "fname" : "Hamzah",
  "lname" : "Faisal",
  "assignedClinic" : 1321,
  "shiftDays" : [ 3, 5, 6 ]
}, {
  "id" : 1241,
  "createdAt" : "2025-11-09T18:55:16.813328",
  "fname" : "Soon Tat",
  "lname" : "Chua",
  "assignedClinic" : 1321,
  "shiftDays" : [ 1, 2, 4 ]
}, {
  "id" : 1242,
  "createdAt" : "2025-11-09T18:55:16.872261",
  "fname" : "Soon Keong",
  "lname" : "Zhang",
  "assignedClinic" : 1321,
  "shiftDays" : [ 7 ]
}, {
  "id" : 1243,
  "createdAt" : "2025-11-09T18:55:16.908935",
  "fname" : "Uma",
  "lname" : "Nair",
  "assignedClinic" : 1329,
  "shiftDays" : [ 3, 6 ]
}, {
  "id" : 1244,
  "createdAt" : "2025-11-09T18:55:16.976392",
  "fname" : "Tian Hong",
  "lname" : "Xu",
  "assignedClinic" : 1329,
  "shiftDays" : [ 2, 7 ]
}, {
  "id" : 1245,
  "createdAt" : "2025-11-09T18:55:17.03994",
  "fname" : "Jun Wei",
  "lname" : "Goh",
  "assignedClinic" : 1329,
  "shiftDays" : [ 1, 5 ]
}, {
  "id" : 1246,
  "createdAt" : "2025-11-09T18:55:17.088444",
  "fname" : "Ming En",
  "lname" : "Wong",
  "assignedClinic" : 1331,
  "shiftDays" : [ 2 ]
}, {
  "id" : 1247,
  "createdAt" : "2025-11-09T18:55:17.243388",
  "fname" : "Jason",
  "lname" : "Miller",
  "assignedClinic" : 1331,
  "shiftDays" : [ 1, 3 ]
}, {
  "id" : 1248,
  "createdAt" : "2025-11-09T18:55:17.288815",
  "fname" : "Rashida",
  "lname" : "Hassan",
  "assignedClinic" : 1331,
  "shiftDays" : [ 7 ]
}, {
  "id" : 1249,
  "createdAt" : "2025-11-09T18:55:17.338906",
  "fname" : "Chin Hock",
  "lname" : "Wu",
  "assignedClinic" : 1351,
  "shiftDays" : [ 2, 6, 7 ]
}, {
  "id" : 1250,
  "createdAt" : "2025-11-09T18:55:17.375837",
  "fname" : "Singh",
  "lname" : "Kumar",
  "assignedClinic" : 1351,
  "shiftDays" : [ 1, 3, 5 ]
}, {
  "id" : 1251,
  "createdAt" : "2025-11-09T18:55:17.423731",
  "fname" : "Kevin",
  "lname" : "Johnson",
  "assignedClinic" : 1351,
  "shiftDays" : [ 4 ]
}, {
  "id" : 1252,
  "createdAt" : "2025-11-09T18:55:17.466158",
  "fname" : "Chloe",
  "lname" : "Rodriguez",
  "assignedClinic" : 1362,
  "shiftDays" : [ 5, 7 ]
}, {
  "id" : 1253,
  "createdAt" : "2025-11-09T18:55:17.513126",
  "fname" : "Lisa",
  "lname" : "Rodriguez",
  "assignedClinic" : 1362,
  "shiftDays" : [ 1, 2 ]
}, {
  "id" : 1254,
  "createdAt" : "2025-11-09T18:55:17.565801",
  "fname" : "Vidya",
  "lname" : "Reddy",
  "assignedClinic" : 1362,
  "shiftDays" : [ 3, 4, 6 ]
}, {
  "id" : 1255,
  "createdAt" : "2025-11-09T18:55:17.618867",
  "fname" : "Rashid",
  "lname" : "Rahman",
  "assignedClinic" : 1372,
  "shiftDays" : [ 2, 4, 6 ]
}, {
  "id" : 1256,
  "createdAt" : "2025-11-09T18:55:17.683494",
  "fname" : "Hakim",
  "lname" : "Ibrahim",
  "assignedClinic" : 1372,
  "shiftDays" : [ 1, 5 ]
}, {
  "id" : 1257,
  "createdAt" : "2025-11-09T18:55:17.860635",
  "fname" : "Xin Yi",
  "lname" : "Teo",
  "assignedClinic" : 1372,
  "shiftDays" : [ 3, 7 ]
}, {
  "id" : 1258,
  "createdAt" : "2025-11-09T18:55:17.952929",
  "fname" : "Jing Qing",
  "lname" : "Tan",
  "assignedClinic" : 1405,
  "shiftDays" : [ 1 ]
}, {
  "id" : 1259,
  "createdAt" : "2025-11-09T18:55:18.039468",
  "fname" : "Mohammad",
  "lname" : "Malik",
  "assignedClinic" : 1405,
  "shiftDays" : [ 4, 5 ]
}, {
  "id" : 1260,
  "createdAt" : "2025-11-09T18:55:18.095354",
  "fname" : "Siti",
  "lname" : "Zain",
  "assignedClinic" : 1405,
  "shiftDays" : [ 6 ]
}, {
  "id" : 1261,
  "createdAt" : "2025-11-09T18:55:18.211734",
  "fname" : "Rashida",
  "lname" : "Ibrahim",
  "assignedClinic" : 1407,
  "shiftDays" : [ 3, 5, 7 ]
}, {
  "id" : 1262,
  "createdAt" : "2025-11-09T18:55:18.273607",
  "fname" : "Chin Hock",
  "lname" : "Xu",
  "assignedClinic" : 1407,
  "shiftDays" : [ 1 ]
}, {
  "id" : 1263,
  "createdAt" : "2025-11-09T18:55:18.327726",
  "fname" : "Zara",
  "lname" : "Zain",
  "assignedClinic" : 1407,
  "shiftDays" : [ 2, 4 ]
}, {
  "id" : 1264,
  "createdAt" : "2025-11-09T18:55:18.410547",
  "fname" : "Olivia",
  "lname" : "Garcia",
  "assignedClinic" : 1411,
  "shiftDays" : [ 2, 4 ]
}, {
  "id" : 1265,
  "createdAt" : "2025-11-09T18:55:18.476021",
  "fname" : "Rebecca",
  "lname" : "Johnson",
  "assignedClinic" : 1411,
  "shiftDays" : [ 3, 7 ]
}, {
  "id" : 1266,
  "createdAt" : "2025-11-09T18:55:18.531229",
  "fname" : "Khalil",
  "lname" : "Abdullah",
  "assignedClinic" : 1411,
  "shiftDays" : [ 1 ]
}, {
  "id" : 1267,
  "createdAt" : "2025-11-09T18:55:18.752847",
  "fname" : "Gupta",
  "lname" : "Verma",
  "assignedClinic" : 1421,
  "shiftDays" : [ 3, 6 ]
}, {
  "id" : 1268,
  "createdAt" : "2025-11-09T18:55:18.811795",
  "fname" : "Timothy",
  "lname" : "Garcia",
  "assignedClinic" : 1421,
  "shiftDays" : [ 1, 4 ]
}, {
  "id" : 1269,
  "createdAt" : "2025-11-09T18:55:18.896985",
  "fname" : "Rashida",
  "lname" : "Faisal",
  "assignedClinic" : 1421,
  "shiftDays" : [ 5, 7 ]
}, {
  "id" : 1270,
  "createdAt" : "2025-11-09T18:55:18.938379",
  "fname" : "Hakim",
  "lname" : "Rahman",
  "assignedClinic" : 1425,
  "shiftDays" : [ 4 ]
}, {
  "id" : 1271,
  "createdAt" : "2025-11-09T18:55:18.999765",
  "fname" : "Christopher",
  "lname" : "Garcia",
  "assignedClinic" : 1425,
  "shiftDays" : [ 1, 3, 5 ]
}, {
  "id" : 1272,
  "createdAt" : "2025-11-09T18:55:19.052398",
  "fname" : "Michael",
  "lname" : "Smith",
  "assignedClinic" : 1425,
  "shiftDays" : [ 2, 6, 7 ]
}, {
  "id" : 1273,
  "createdAt" : "2025-11-09T18:55:19.11463",
  "fname" : "John",
  "lname" : "Brown",
  "assignedClinic" : 1442,
  "shiftDays" : [ 5 ]
}, {
  "id" : 1274,
  "createdAt" : "2025-11-09T18:55:19.167286",
  "fname" : "Zara",
  "lname" : "Hassan",
  "assignedClinic" : 1442,
  "shiftDays" : [ 6, 7 ]
}, {
  "id" : 1275,
  "createdAt" : "2025-11-09T18:55:19.239392",
  "fname" : "Yuan Zhou",
  "lname" : "Chua",
  "assignedClinic" : 1442,
  "shiftDays" : [ 1, 2 ]
}, {
  "id" : 1276,
  "createdAt" : "2025-11-09T18:55:19.31705",
  "fname" : "Stephanie",
  "lname" : "Smith",
  "assignedClinic" : 1443,
  "shiftDays" : [ 6 ]
}, {
  "id" : 1277,
  "createdAt" : "2025-11-09T18:55:19.465838",
  "fname" : "Li Ming",
  "lname" : "Wong",
  "assignedClinic" : 1443,
  "shiftDays" : [ 3, 4 ]
}, {
  "id" : 1278,
  "createdAt" : "2025-11-09T18:55:19.542946",
  "fname" : "Jonathan",
  "lname" : "Martinez",
  "assignedClinic" : 1443,
  "shiftDays" : [ 7 ]
}, {
  "id" : 1279,
  "createdAt" : "2025-11-09T18:55:19.598826",
  "fname" : "Richard",
  "lname" : "Williams",
  "assignedClinic" : 1444,
  "shiftDays" : [ 3, 4, 6 ]
}, {
  "id" : 1280,
  "createdAt" : "2025-11-09T18:55:19.645333",
  "fname" : "Hui Xin",
  "lname" : "Zhang",
  "assignedClinic" : 1444,
  "shiftDays" : [ 2 ]
}, {
  "id" : 1281,
  "createdAt" : "2025-11-09T18:55:19.70637",
  "fname" : "Neha",
  "lname" : "Nair",
  "assignedClinic" : 1444,
  "shiftDays" : [ 1, 5, 7 ]
}, {
  "id" : 1282,
  "createdAt" : "2025-11-09T18:55:19.75233",
  "fname" : "Zheng Feng",
  "lname" : "Liu",
  "assignedClinic" : 1465,
  "shiftDays" : [ 5, 6 ]
}, {
  "id" : 1283,
  "createdAt" : "2025-11-09T18:55:19.852859",
  "fname" : "Isabella",
  "lname" : "Jones",
  "assignedClinic" : 1465,
  "shiftDays" : [ 1, 2, 4 ]
}, {
  "id" : 1284,
  "createdAt" : "2025-11-09T18:55:19.941019",
  "fname" : "Xin Tian",
  "lname" : "Goh",
  "assignedClinic" : 1465,
  "shiftDays" : [ 3 ]
}, {
  "id" : 1285,
  "createdAt" : "2025-11-09T18:55:20.008178",
  "fname" : "Meera",
  "lname" : "Mehta",
  "assignedClinic" : 1489,
  "shiftDays" : [ 1 ]
}, {
  "id" : 1286,
  "createdAt" : "2025-11-09T18:55:20.067728",
  "fname" : "Patel",
  "lname" : "Mehta",
  "assignedClinic" : 1489,
  "shiftDays" : [ 4, 6 ]
}, {
  "id" : 1287,
  "createdAt" : "2025-11-09T18:55:20.242864",
  "fname" : "Priya",
  "lname" : "Gupta",
  "assignedClinic" : 1489,
  "shiftDays" : [ 2, 3, 5 ]
}, {
  "id" : 1288,
  "createdAt" : "2025-11-09T18:55:20.314924",
  "fname" : "Verma",
  "lname" : "Singh",
  "assignedClinic" : 1534,
  "shiftDays" : [ 1, 5 ]
}, {
  "id" : 1289,
  "createdAt" : "2025-11-09T18:55:20.374866",
  "fname" : "Kai",
  "lname" : "Ong",
  "assignedClinic" : 1534,
  "shiftDays" : [ 7 ]
}, {
  "id" : 1290,
  "createdAt" : "2025-11-09T18:55:20.449763",
  "fname" : "Ibrahim",
  "lname" : "Yusuf",
  "assignedClinic" : 1534,
  "shiftDays" : [ 3 ]
}, {
  "id" : 1291,
  "createdAt" : "2025-11-09T18:55:20.531315",
  "fname" : "Soon Keong",
  "lname" : "Wang",
  "assignedClinic" : 1547,
  "shiftDays" : [ 4, 6, 7 ]
}, {
  "id" : 1292,
  "createdAt" : "2025-11-09T18:55:20.635488",
  "fname" : "Kavita",
  "lname" : "Singh",
  "assignedClinic" : 1547,
  "shiftDays" : [ 1, 2, 5 ]
}, {
  "id" : 1293,
  "createdAt" : "2025-11-09T18:55:20.798356",
  "fname" : "Wei Jie",
  "lname" : "Ng",
  "assignedClinic" : 1547,
  "shiftDays" : [ 3 ]
}, {
  "id" : 1294,
  "createdAt" : "2025-11-09T18:55:20.880226",
  "fname" : "Karen",
  "lname" : "Davis",
  "assignedClinic" : 1569,
  "shiftDays" : [ 2, 4 ]
}, {
  "id" : 1295,
  "createdAt" : "2025-11-09T18:55:20.928336",
  "fname" : "Ibrahim",
  "lname" : "Faisal",
  "assignedClinic" : 1569,
  "shiftDays" : [ 3, 5, 6 ]
}, {
  "id" : 1296,
  "createdAt" : "2025-11-09T18:55:20.967327",
  "fname" : "Joseph",
  "lname" : "Martinez",
  "assignedClinic" : 1569,
  "shiftDays" : [ 1, 7 ]
}, {
  "id" : 1297,
  "createdAt" : "2025-11-09T18:55:21.128152",
  "fname" : "Kumar",
  "lname" : "Gupta",
  "assignedClinic" : 1573,
  "shiftDays" : [ 1, 3, 6 ]
}, {
  "id" : 1298,
  "createdAt" : "2025-11-09T18:55:21.166319",
  "fname" : "Emma",
  "lname" : "Johnson",
  "assignedClinic" : 1573,
  "shiftDays" : [ 2, 5, 7 ]
}, {
  "id" : 1299,
  "createdAt" : "2025-11-09T18:55:21.20916",
  "fname" : "John",
  "lname" : "Jones",
  "assignedClinic" : 1573,
  "shiftDays" : [ 4 ]
}, {
  "id" : 1300,
  "createdAt" : "2025-11-09T18:55:21.277384",
  "fname" : "Michelle",
  "lname" : "Martinez",
  "assignedClinic" : 1590,
  "shiftDays" : [ 7 ]
}, {
  "id" : 1301,
  "createdAt" : "2025-11-09T18:55:21.332788",
  "fname" : "Jun Wei",
  "lname" : "Teo",
  "assignedClinic" : 1590,
  "shiftDays" : [ 4 ]
}, {
  "id" : 1302,
  "createdAt" : "2025-11-09T18:55:21.372253",
  "fname" : "Benjamin",
  "lname" : "Davis",
  "assignedClinic" : 1590,
  "shiftDays" : [ 1, 2 ]
}, {
  "id" : 1303,
  "createdAt" : "2025-11-09T18:55:21.45257",
  "fname" : "Robert",
  "lname" : "Williams",
  "assignedClinic" : 1614,
  "shiftDays" : [ 2, 3, 4 ]
}, {
  "id" : 1304,
  "createdAt" : "2025-11-09T18:55:21.507835",
  "fname" : "Steven",
  "lname" : "Johnson",
  "assignedClinic" : 1614,
  "shiftDays" : [ 5, 7 ]
}, {
  "id" : 1305,
  "createdAt" : "2025-11-09T18:55:21.5514",
  "fname" : "Andrew",
  "lname" : "Jones",
  "assignedClinic" : 1614,
  "shiftDays" : [ 6 ]
}, {
  "id" : 1308,
  "createdAt" : "2025-11-09T18:55:21.805409",
  "fname" : "Deepa",
  "lname" : "Kumar",
  "assignedClinic" : 1636,
  "shiftDays" : [ 1, 3, 6 ]
}, {
  "id" : 1309,
  "createdAt" : "2025-11-09T18:55:21.873451",
  "fname" : "Wei Jie",
  "lname" : "Huang",
  "assignedClinic" : 1637,
  "shiftDays" : [ 2, 3 ]
}, {
  "id" : 1310,
  "createdAt" : "2025-11-09T18:55:21.917042",
  "fname" : "Mark",
  "lname" : "Davis",
  "assignedClinic" : 1637,
  "shiftDays" : [ 6 ]
}, {
  "id" : 1311,
  "createdAt" : "2025-11-09T18:55:21.962986",
  "fname" : "Qing Tao",
  "lname" : "Li",
  "assignedClinic" : 1637,
  "shiftDays" : [ 4, 5, 7 ]
}, {
  "id" : 1312,
  "createdAt" : "2025-11-09T18:55:21.998448",
  "fname" : "Hui Xin",
  "lname" : "Liu",
  "assignedClinic" : 1639,
  "shiftDays" : [ 2, 7 ]
}, {
  "id" : 1313,
  "createdAt" : "2025-11-09T18:55:22.048485",
  "fname" : "Nur",
  "lname" : "Ali",
  "assignedClinic" : 1639,
  "shiftDays" : [ 1 ]
}, {
  "id" : 1314,
  "createdAt" : "2025-11-09T18:55:22.096573",
  "fname" : "Tian Hong",
  "lname" : "Lim",
  "assignedClinic" : 1639,
  "shiftDays" : [ 4, 5, 6 ]
}, {
  "id" : 1315,
  "createdAt" : "2025-11-09T18:55:22.15972",
  "fname" : "Meera",
  "lname" : "Verma",
  "assignedClinic" : 1640,
  "shiftDays" : [ 6 ]
}, {
  "id" : 1316,
  "createdAt" : "2025-11-09T18:55:22.223373",
  "fname" : "Rashida",
  "lname" : "Zain",
  "assignedClinic" : 1640,
  "shiftDays" : [ 2, 3, 4 ]
}, {
  "id" : 1317,
  "createdAt" : "2025-11-09T18:55:22.374914",
  "fname" : "Tian Hong",
  "lname" : "Zhou",
  "assignedClinic" : 1640,
  "shiftDays" : [ 1 ]
}, {
  "id" : 1318,
  "createdAt" : "2025-11-09T18:55:22.410758",
  "fname" : "Uma",
  "lname" : "Singh",
  "assignedClinic" : 1641,
  "shiftDays" : [ 5, 6 ]
}, {
  "id" : 1319,
  "createdAt" : "2025-11-09T18:55:22.458619",
  "fname" : "Siti",
  "lname" : "Faisal",
  "assignedClinic" : 1641,
  "shiftDays" : [ 2, 4 ]
}, {
  "id" : 1320,
  "createdAt" : "2025-11-09T18:55:22.56166",
  "fname" : "Shanti",
  "lname" : "Patel",
  "assignedClinic" : 1641,
  "shiftDays" : [ 1, 3, 7 ]
}, {
  "id" : 1321,
  "createdAt" : "2025-11-09T18:55:22.600516",
  "fname" : "Ibrahim",
  "lname" : "Zain",
  "assignedClinic" : 1651,
  "shiftDays" : [ 1 ]
}, {
  "id" : 1322,
  "createdAt" : "2025-11-09T18:55:22.670655",
  "fname" : "Hassan",
  "lname" : "Yusuf",
  "assignedClinic" : 1651,
  "shiftDays" : [ 7 ]
}, {
  "id" : 1323,
  "createdAt" : "2025-11-09T18:55:22.701965",
  "fname" : "Shanti",
  "lname" : "Kumar",
  "assignedClinic" : 1651,
  "shiftDays" : [ 3 ]
}, {
  "id" : 1324,
  "createdAt" : "2025-11-09T18:55:22.752674",
  "fname" : "Patel",
  "lname" : "Mehta",
  "assignedClinic" : 1660,
  "shiftDays" : [ 4, 5, 7 ]
}, {
  "id" : 1325,
  "createdAt" : "2025-11-09T18:55:22.822385",
  "fname" : "Olivia",
  "lname" : "Garcia",
  "assignedClinic" : 1660,
  "shiftDays" : [ 2, 3, 6 ]
}, {
  "id" : 1326,
  "createdAt" : "2025-11-09T18:55:22.879351",
  "fname" : "Chee Heng",
  "lname" : "Huang",
  "assignedClinic" : 1660,
  "shiftDays" : [ 1 ]
}, {
  "id" : 1327,
  "createdAt" : "2025-11-09T18:55:23.021255",
  "fname" : "Lisa",
  "lname" : "Brown",
  "assignedClinic" : 1661,
  "shiftDays" : [ 1, 6 ]
}, {
  "id" : 1328,
  "createdAt" : "2025-11-09T18:55:23.080169",
  "fname" : "Andrew",
  "lname" : "Johnson",
  "assignedClinic" : 1661,
  "shiftDays" : [ 3, 4, 5 ]
}, {
  "id" : 1329,
  "createdAt" : "2025-11-09T18:55:23.12972",
  "fname" : "Deepa",
  "lname" : "Nair",
  "assignedClinic" : 1661,
  "shiftDays" : [ 2, 7 ]
}, {
  "id" : 1330,
  "createdAt" : "2025-11-09T18:55:23.173174",
  "fname" : "Nur",
  "lname" : "Rahman",
  "assignedClinic" : 1662,
  "shiftDays" : [ 4, 7 ]
}, {
  "id" : 1331,
  "createdAt" : "2025-11-09T18:55:23.214616",
  "fname" : "Ryan",
  "lname" : "Rodriguez",
  "assignedClinic" : 1662,
  "shiftDays" : [ 1 ]
}, {
  "id" : 1332,
  "createdAt" : "2025-11-09T18:55:23.265733",
  "fname" : "Deepa",
  "lname" : "Sharma",
  "assignedClinic" : 1662,
  "shiftDays" : [ 5, 6 ]
}, {
  "id" : 1333,
  "createdAt" : "2025-11-09T18:55:23.353332",
  "fname" : "Siti",
  "lname" : "Faisal",
  "assignedClinic" : 1668,
  "shiftDays" : [ 2 ]
}, {
  "id" : 1334,
  "createdAt" : "2025-11-09T18:55:23.405104",
  "fname" : "Jason",
  "lname" : "Smith",
  "assignedClinic" : 1668,
  "shiftDays" : [ 6 ]
}, {
  "id" : 1335,
  "createdAt" : "2025-11-09T18:55:23.44898",
  "fname" : "Tian Hong",
  "lname" : "Lee",
  "assignedClinic" : 1668,
  "shiftDays" : [ 1, 5, 7 ]
}, {
  "id" : 1336,
  "createdAt" : "2025-11-09T18:55:23.497988",
  "fname" : "Siti",
  "lname" : "Yusuf",
  "assignedClinic" : 1676,
  "shiftDays" : [ 1, 6 ]
}, {
  "id" : 1337,
  "createdAt" : "2025-11-09T18:55:23.648411",
  "fname" : "Khalil",
  "lname" : "Hassan",
  "assignedClinic" : 1676,
  "shiftDays" : [ 4, 7 ]
}, {
  "id" : 1338,
  "createdAt" : "2025-11-09T18:55:23.695462",
  "fname" : "Anita",
  "lname" : "Kumar",
  "assignedClinic" : 1676,
  "shiftDays" : [ 2 ]
}, {
  "id" : 1339,
  "createdAt" : "2025-11-09T18:55:23.775831",
  "fname" : "Meera",
  "lname" : "Rao",
  "assignedClinic" : 1683,
  "shiftDays" : [ 1, 3 ]
}, {
  "id" : 1340,
  "createdAt" : "2025-11-09T18:55:23.817871",
  "fname" : "Singh",
  "lname" : "Rao",
  "assignedClinic" : 1683,
  "shiftDays" : [ 6 ]
}, {
  "id" : 1341,
  "createdAt" : "2025-11-09T18:55:23.880565",
  "fname" : "Zheng Feng",
  "lname" : "Ng",
  "assignedClinic" : 1683,
  "shiftDays" : [ 2, 5 ]
}, {
  "id" : 1354,
  "createdAt" : "2025-11-09T18:55:24.707829",
  "fname" : "Radha",
  "lname" : "Verma",
  "assignedClinic" : 1708,
  "shiftDays" : [ 3 ]
}, {
  "id" : 1355,
  "createdAt" : "2025-11-09T18:55:24.74794",
  "fname" : "Mohammad",
  "lname" : "Hassan",
  "assignedClinic" : 1708,
  "shiftDays" : [ 6 ]
}, {
  "id" : 1356,
  "createdAt" : "2025-11-09T18:55:24.788605",
  "fname" : "Verma",
  "lname" : "Singh",
  "assignedClinic" : 1708,
  "shiftDays" : [ 2 ]
}, {
  "id" : 1307,
  "createdAt" : "2025-11-09T18:55:21.761505",
  "fname" : "Jennifer",
  "lname" : "Jones",
  "assignedClinic" : 1636,
  "shiftDays" : [ 2, 4, 5 ]
}, {
  "id" : 1306,
  "createdAt" : "2025-11-09T18:55:21.619493",
  "fname" : "Shanti",
  "lname" : "Mehta",
  "assignedClinic" : 1636,
  "shiftDays" : [ 7 ]
} ]