[ {
  "queueId" : 77,
  "clinicId" : 98,
  "appointmentId" : 8842,
  "status" : "DONE",
  "priority" : 1,
  "createdAt" : "2025-11-12T17:39:04.561951",
  "appointmentStart" : "2025-11-12T18:03:48.898359"
}, {
  "queueId" : 78,
  "clinicId" : 98,
  "appointmentId" : 2780,
  "status" : "DONE",
  "priority" : 1,
  "createdAt" : "2025-11-12T18:00:37.604858",
  "appointmentStart" : "2025-11-12T18:05:39.229391"
}, {
  "queueId" : 79,
  "clinicId" : 98,
  "appointmentId" : 9096,
  "status" : "DONE",
  "priority" : 2,
  "createdAt" : "2025-11-12T18:13:57.357368",
  "appointmentStart" : "2025-11-12T18:19:53.718473"
}, {
  "queueId" : 81,
  "clinicId" : 452,
  "appointmentId" : 2504,
  "status" : "IN_QUEUE",
  "priority" : 1,
  "createdAt" : "2025-11-12T22:01:20.511801",
  "appointmentStart" : null
}, {
  "queueId" : 82,
  "clinicId" : 452,
  "appointmentId" : 1250,
  "status" : "IN_QUEUE",
  "priority" : 1,
  "createdAt" : "2025-11-12T22:01:23.122593",
  "appointmentStart" : null
}, {
  "queueId" : 80,
  "clinicId" : 452,
  "appointmentId" : 2989,
  "status" : "DONE",
  "priority" : 1,
  "createdAt" : "2025-11-12T22:01:17.392816",
  "appointmentStart" : "2025-11-12T22:02:31.673056"
}, {
  "queueId" : 84,
  "clinicId" : 452,
  "appointmentId" : 9933,
  "status" : "IN_QUEUE",
  "priority" : 2,
  "createdAt" : "2025-11-12T22:10:18.278457",
  "appointmentStart" : null
}, {
  "queueId" : 86,
  "clinicId" : 98,
  "appointmentId" : 8150,
  "status" : "IN_QUEUE",
  "priority" : 2,
  "createdAt" : "2025-11-12T23:07:08.249874",
  "appointmentStart" : null
}, {
  "queueId" : 85,
  "clinicId" : 98,
  "appointmentId" : 2498,
  "status" : "DONE",
  "priority" : 1,
  "createdAt" : "2025-11-12T22:47:18.799081",
  "appointmentStart" : "2025-11-12T23:18:02.384771"
}, {
  "queueId" : 83,
  "clinicId" : 452,
  "appointmentId" : 8598,
  "status" : "MISSED",
  "priority" : 1,
  "createdAt" : "2025-11-12T22:01:26.78947",
  "appointmentStart" : "2025-11-12T22:03:33.746451"
}, {
  "queueId" : 87,
  "clinicId" : 5,
  "appointmentId" : 9576,
  "status" : "DONE",
  "priority" : 1,
  "createdAt" : "2025-11-13T16:40:24.865072",
  "appointmentStart" : "2025-11-13T16:40:28.235334"
}, {
  "queueId" : 88,
  "clinicId" : 5,
  "appointmentId" : 9027,
  "status" : "DONE",
  "priority" : 1,
  "createdAt" : "2025-11-13T16:49:54.046056",
  "appointmentStart" : "2025-11-13T16:50:15.303366"
}, {
  "queueId" : 89,
  "clinicId" : 5,
  "appointmentId" : 7875,
  "status" : "DONE",
  "priority" : 1,
  "createdAt" : "2025-11-13T16:49:56.674679",
  "appointmentStart" : "2025-11-13T17:25:49.750626"
}, {
  "queueId" : 72,
  "clinicId" : 98,
  "appointmentId" : 4483,
  "status" : "DONE",
  "priority" : 1,
  "createdAt" : "2025-11-11T17:59:40.693146",
  "appointmentStart" : "2025-11-11T18:01:40.394644"
}, {
  "queueId" : 90,
  "clinicId" : 5,
  "appointmentId" : 2435,
  "status" : "DONE",
  "priority" : 1,
  "createdAt" : "2025-11-13T16:49:59.776279",
  "appointmentStart" : "2025-11-13T17:26:13.130921"
}, {
  "queueId" : 91,
  "clinicId" : 5,
  "appointmentId" : 2770,
  "status" : "DONE",
  "priority" : 1,
  "createdAt" : "2025-11-13T16:50:46.900607",
  "appointmentStart" : "2025-11-13T17:26:21.202579"
}, {
  "queueId" : 73,
  "clinicId" : 98,
  "appointmentId" : 7915,
  "status" : "DONE",
  "priority" : 1,
  "createdAt" : "2025-11-11T18:25:01.278986",
  "appointmentStart" : "2025-11-11T18:25:28.829764"
}, {
  "queueId" : 74,
  "clinicId" : 98,
  "appointmentId" : 1763,
  "status" : "DONE",
  "priority" : 1,
  "createdAt" : "2025-11-11T18:37:53.127309",
  "appointmentStart" : "2025-11-11T18:41:20.950562"
}, {
  "queueId" : 93,
  "clinicId" : 5,
  "appointmentId" : 1998,
  "status" : "DONE",
  "priority" : 1,
  "createdAt" : "2025-11-13T17:33:55.630755",
  "appointmentStart" : "2025-11-13T17:34:35.360917"
}, {
  "queueId" : 75,
  "clinicId" : 98,
  "appointmentId" : 3217,
  "status" : "MISSED",
  "priority" : 3,
  "createdAt" : "2025-11-11T18:41:05.60554",
  "appointmentStart" : "2025-11-11T18:41:42.704136"
}, {
  "queueId" : 94,
  "clinicId" : 5,
  "appointmentId" : 4772,
  "status" : "DONE",
  "priority" : 1,
  "createdAt" : "2025-11-13T17:33:57.785125",
  "appointmentStart" : "2025-11-13T18:02:40.714816"
}, {
  "queueId" : 76,
  "clinicId" : 98,
  "appointmentId" : 5993,
  "status" : "DONE",
  "priority" : 1,
  "createdAt" : "2025-11-12T16:44:24.754963",
  "appointmentStart" : "2025-11-12T17:00:10.553092"
}, {
  "queueId" : 95,
  "clinicId" : 5,
  "appointmentId" : 4593,
  "status" : "DONE",
  "priority" : 1,
  "createdAt" : "2025-11-13T17:33:59.589873",
  "appointmentStart" : "2025-11-13T18:03:00.143885"
}, {
  "queueId" : 96,
  "clinicId" : 5,
  "appointmentId" : 4274,
  "status" : "DONE",
  "priority" : 1,
  "createdAt" : "2025-11-13T17:34:38.136395",
  "appointmentStart" : "2025-11-13T18:03:14.64568"
}, {
  "queueId" : 97,
  "clinicId" : 5,
  "appointmentId" : 9019,
  "status" : "DONE",
  "priority" : 1,
  "createdAt" : "2025-11-13T18:02:15.689192",
  "appointmentStart" : "2025-11-13T18:03:18.776409"
}, {
  "queueId" : 98,
  "clinicId" : 5,
  "appointmentId" : 8911,
  "status" : "IN_QUEUE",
  "priority" : 1,
  "createdAt" : "2025-11-13T18:14:04.949408",
  "appointmentStart" : null
}, {
  "queueId" : 99,
  "clinicId" : 5,
  "appointmentId" : 4882,
  "status" : "CALLED",
  "priority" : 1,
  "createdAt" : "2025-11-13T18:14:08.695395",
  "appointmentStart" : "2025-11-13T18:14:19.982548"
} ]